DROP TABLE IF EXISTS type;
DROP TABLE IF EXISTS stat;
DROP TABLE IF EXISTS sprite;
DROP TABLE IF EXISTS pokemon_type;
DROP TABLE IF EXISTS pokemon_stat;
DROP TABLE IF EXISTS pokemon_evolution;
DROP TABLE IF EXISTS pokemon;

CREATE TABLE pokemon (
    id integer NOT NULL PRIMARY KEY AUTOINCREMENT,
    name TEXT,
    height integer,
    weight integer
);

CREATE TABLE pokemon_type (
    id integer NOT NULL PRIMARY KEY AUTOINCREMENT,  
    pokemon_id integer NOT NULL,
    type_id integer NOT NULL,
    seq integer
);

CREATE TABLE pokemon_evolution (
    id integer NOT NULL PRIMARY KEY AUTOINCREMENT,
    pokemon_id integer NOT NULL,
    seq integer
);

CREATE TABLE sprite (
    id integer NOT NULL PRIMARY KEY AUTOINCREMENT,
    pokemon_id integer NOT NULL,
    front TEXT,
    back TEXT
);

CREATE TABLE pokemon_stat (
    id integer NOT NULL PRIMARY KEY AUTOINCREMENT,
    pokemon_id integer NOT NULL,
    stat_id integer NOT NULL,
    value integer
);

CREATE TABLE stat (
    id integer NOT NULL PRIMARY KEY AUTOINCREMENT,
    name TEXT
);

CREATE TABLE type (
    id integer NOT NULL PRIMARY KEY AUTOINCREMENT,
    name TEXT
);

INSERT INTO pokemon (id, name, height, weight) VALUES (1, 'bulbasaur', 7, 69);
INSERT INTO pokemon_evolution (id, pokemon_id, seq) VALUES(1, 1, 1);
INSERT INTO pokemon (id, name, height, weight) VALUES (2, 'ivysaur', 10, 130);
INSERT INTO pokemon_evolution (id, pokemon_id, seq) VALUES(2, 2, 1);
INSERT INTO pokemon (id, name, height, weight) VALUES (3, 'venusaur', 20, 1000);
INSERT INTO pokemon_evolution (id, pokemon_id, seq) VALUES(3, 3, 1);
INSERT INTO pokemon (id, name, height, weight) VALUES (4, 'charmander', 6, 85);
INSERT INTO pokemon_evolution (id, pokemon_id, seq) VALUES(4, 4, 2);
INSERT INTO pokemon (id, name, height, weight) VALUES (5, 'charmeleon', 11, 190);
INSERT INTO pokemon_evolution (id, pokemon_id, seq) VALUES(5, 5, 2);
INSERT INTO pokemon (id, name, height, weight) VALUES (6, 'charizard', 17, 905);
INSERT INTO pokemon_evolution (id, pokemon_id, seq) VALUES(6, 6, 2);
INSERT INTO pokemon (id, name, height, weight) VALUES (7, 'squirtle', 5, 90);
INSERT INTO pokemon_evolution (id, pokemon_id, seq) VALUES(7, 7, 3);
INSERT INTO pokemon (id, name, height, weight) VALUES (8, 'wartortle', 10, 225);
INSERT INTO pokemon_evolution (id, pokemon_id, seq) VALUES(8, 8, 3);
INSERT INTO pokemon (id, name, height, weight) VALUES (9, 'blastoise', 16, 855);
INSERT INTO pokemon_evolution (id, pokemon_id, seq) VALUES(9, 9, 3);
INSERT INTO pokemon (id, name, height, weight) VALUES (10, 'caterpie', 3, 29);
INSERT INTO pokemon_evolution (id, pokemon_id, seq) VALUES(10, 10, 4);
INSERT INTO pokemon (id, name, height, weight) VALUES (11, 'metapod', 7, 99);
INSERT INTO pokemon_evolution (id, pokemon_id, seq) VALUES(11, 11, 4);
INSERT INTO pokemon (id, name, height, weight) VALUES (12, 'butterfree', 11, 320);
INSERT INTO pokemon_evolution (id, pokemon_id, seq) VALUES(12, 12, 4);
INSERT INTO pokemon (id, name, height, weight) VALUES (13, 'weedle', 3, 32);
INSERT INTO pokemon_evolution (id, pokemon_id, seq) VALUES(13, 13, 5);
INSERT INTO pokemon (id, name, height, weight) VALUES (14, 'kakuna', 6, 100);
INSERT INTO pokemon_evolution (id, pokemon_id, seq) VALUES(14, 14, 5);
INSERT INTO pokemon (id, name, height, weight) VALUES (15, 'beedrill', 10, 295);
INSERT INTO pokemon_evolution (id, pokemon_id, seq) VALUES(15, 15, 5);
INSERT INTO pokemon (id, name, height, weight) VALUES (16, 'pidgey', 3, 18);
INSERT INTO pokemon_evolution (id, pokemon_id, seq) VALUES(16, 16, 7);
INSERT INTO pokemon (id, name, height, weight) VALUES (17, 'pidgeotto', 11, 300);
INSERT INTO pokemon_evolution (id, pokemon_id, seq) VALUES(17, 17, 7);
INSERT INTO pokemon (id, name, height, weight) VALUES (18, 'pidgeot', 15, 395);
INSERT INTO pokemon_evolution (id, pokemon_id, seq) VALUES(18, 18, 7);
INSERT INTO pokemon (id, name, height, weight) VALUES (19, 'rattata', 3, 35);
INSERT INTO pokemon_evolution (id, pokemon_id, seq) VALUES(19, 19, 9);
INSERT INTO pokemon (id, name, height, weight) VALUES (20, 'raticate', 7, 185);
INSERT INTO pokemon_evolution (id, pokemon_id, seq) VALUES(20, 20, 9);
INSERT INTO pokemon (id, name, height, weight) VALUES (21, 'spearow', 3, 20);
INSERT INTO pokemon_evolution (id, pokemon_id, seq) VALUES(21, 21, 10);
INSERT INTO pokemon (id, name, height, weight) VALUES (22, 'fearow', 12, 380);
INSERT INTO pokemon_evolution (id, pokemon_id, seq) VALUES(22, 22, 10);
INSERT INTO pokemon (id, name, height, weight) VALUES (23, 'ekans', 20, 69);
INSERT INTO pokemon_evolution (id, pokemon_id, seq) VALUES(23, 23, 11);
INSERT INTO pokemon (id, name, height, weight) VALUES (24, 'arbok', 35, 650);
INSERT INTO pokemon_evolution (id, pokemon_id, seq) VALUES(24, 24, 11);
INSERT INTO pokemon (id, name, height, weight) VALUES (25, 'pikachu', 4, 60);
INSERT INTO pokemon_evolution (id, pokemon_id, seq) VALUES(25, 25, 12);
INSERT INTO pokemon (id, name, height, weight) VALUES (26, 'raichu', 8, 300);
INSERT INTO pokemon_evolution (id, pokemon_id, seq) VALUES(26, 26, 12);
INSERT INTO pokemon (id, name, height, weight) VALUES (27, 'sandshrew', 6, 120);
INSERT INTO pokemon_evolution (id, pokemon_id, seq) VALUES(27, 27, 13);
INSERT INTO pokemon (id, name, height, weight) VALUES (28, 'sandslash', 10, 295);
INSERT INTO pokemon_evolution (id, pokemon_id, seq) VALUES(28, 28, 13);
INSERT INTO pokemon (id, name, height, weight) VALUES (29, 'nidoran-f', 4, 70);
INSERT INTO pokemon_evolution (id, pokemon_id, seq) VALUES(29, 29, 14);
INSERT INTO pokemon (id, name, height, weight) VALUES (30, 'nidorina', 8, 200);
INSERT INTO pokemon_evolution (id, pokemon_id, seq) VALUES(30, 30, 14);
INSERT INTO pokemon (id, name, height, weight) VALUES (31, 'nidoqueen', 13, 600);
INSERT INTO pokemon_evolution (id, pokemon_id, seq) VALUES(31, 31, 14);
INSERT INTO pokemon (id, name, height, weight) VALUES (32, 'nidoran-m', 5, 90);
INSERT INTO pokemon_evolution (id, pokemon_id, seq) VALUES(32, 32, 15);
INSERT INTO pokemon (id, name, height, weight) VALUES (33, 'nidorino', 9, 195);
INSERT INTO pokemon_evolution (id, pokemon_id, seq) VALUES(33, 33, 15);
INSERT INTO pokemon (id, name, height, weight) VALUES (34, 'nidoking', 14, 620);
INSERT INTO pokemon_evolution (id, pokemon_id, seq) VALUES(34, 34, 15);
INSERT INTO pokemon (id, name, height, weight) VALUES (35, 'clefairy', 6, 75);
INSERT INTO pokemon_evolution (id, pokemon_id, seq) VALUES(35, 35, 16);
INSERT INTO pokemon (id, name, height, weight) VALUES (36, 'clefable', 13, 400);
INSERT INTO pokemon_evolution (id, pokemon_id, seq) VALUES(36, 36, 16);
INSERT INTO pokemon (id, name, height, weight) VALUES (37, 'vulpix', 6, 99);
INSERT INTO pokemon_evolution (id, pokemon_id, seq) VALUES(37, 37, 17);
INSERT INTO pokemon (id, name, height, weight) VALUES (38, 'ninetales', 11, 199);
INSERT INTO pokemon_evolution (id, pokemon_id, seq) VALUES(38, 38, 17);
INSERT INTO pokemon (id, name, height, weight) VALUES (39, 'jigglypuff', 5, 55);
INSERT INTO pokemon_evolution (id, pokemon_id, seq) VALUES(39, 39, 18);
INSERT INTO pokemon (id, name, height, weight) VALUES (40, 'wigglytuff', 10, 120);
INSERT INTO pokemon_evolution (id, pokemon_id, seq) VALUES(40, 40, 18);
INSERT INTO pokemon (id, name, height, weight) VALUES (41, 'zubat', 8, 75);
INSERT INTO pokemon_evolution (id, pokemon_id, seq) VALUES(41, 41, 19);
INSERT INTO pokemon (id, name, height, weight) VALUES (42, 'golbat', 16, 550);
INSERT INTO pokemon_evolution (id, pokemon_id, seq) VALUES(42, 42, 19);
INSERT INTO pokemon (id, name, height, weight) VALUES (43, 'oddish', 5, 54);
INSERT INTO pokemon_evolution (id, pokemon_id, seq) VALUES(43, 43, 20);
INSERT INTO pokemon (id, name, height, weight) VALUES (44, 'gloom', 8, 86);
INSERT INTO pokemon_evolution (id, pokemon_id, seq) VALUES(44, 44, 20);
INSERT INTO pokemon (id, name, height, weight) VALUES (45, 'vileplume', 12, 186);
INSERT INTO pokemon_evolution (id, pokemon_id, seq) VALUES(45, 45, 20);
INSERT INTO pokemon (id, name, height, weight) VALUES (46, 'paras', 3, 54);
INSERT INTO pokemon_evolution (id, pokemon_id, seq) VALUES(46, 46, 21);
INSERT INTO pokemon (id, name, height, weight) VALUES (47, 'parasect', 10, 295);
INSERT INTO pokemon_evolution (id, pokemon_id, seq) VALUES(47, 47, 21);
INSERT INTO pokemon (id, name, height, weight) VALUES (48, 'venonat', 10, 300);
INSERT INTO pokemon_evolution (id, pokemon_id, seq) VALUES(48, 48, 22);
INSERT INTO pokemon (id, name, height, weight) VALUES (49, 'venomoth', 15, 125);
INSERT INTO pokemon_evolution (id, pokemon_id, seq) VALUES(49, 49, 22);
INSERT INTO pokemon (id, name, height, weight) VALUES (50, 'diglett', 2, 8);
INSERT INTO pokemon_evolution (id, pokemon_id, seq) VALUES(50, 50, 23);
INSERT INTO pokemon (id, name, height, weight) VALUES (51, 'dugtrio', 7, 333);
INSERT INTO pokemon_evolution (id, pokemon_id, seq) VALUES(51, 51, 23);
INSERT INTO pokemon (id, name, height, weight) VALUES (52, 'meowth', 4, 42);
INSERT INTO pokemon_evolution (id, pokemon_id, seq) VALUES(52, 52, 24);
INSERT INTO pokemon (id, name, height, weight) VALUES (53, 'persian', 10, 320);
INSERT INTO pokemon_evolution (id, pokemon_id, seq) VALUES(53, 53, 24);
INSERT INTO pokemon (id, name, height, weight) VALUES (54, 'psyduck', 8, 196);
INSERT INTO pokemon_evolution (id, pokemon_id, seq) VALUES(54, 54, 25);
INSERT INTO pokemon (id, name, height, weight) VALUES (55, 'golduck', 17, 766);
INSERT INTO pokemon_evolution (id, pokemon_id, seq) VALUES(55, 55, 25);
INSERT INTO pokemon (id, name, height, weight) VALUES (56, 'mankey', 5, 280);
INSERT INTO pokemon_evolution (id, pokemon_id, seq) VALUES(56, 56, 26);
INSERT INTO pokemon (id, name, height, weight) VALUES (57, 'primeape', 10, 320);
INSERT INTO pokemon_evolution (id, pokemon_id, seq) VALUES(57, 57, 26);
INSERT INTO pokemon (id, name, height, weight) VALUES (58, 'growlithe', 7, 190);
INSERT INTO pokemon_evolution (id, pokemon_id, seq) VALUES(58, 58, 27);
INSERT INTO pokemon (id, name, height, weight) VALUES (59, 'arcanine', 19, 1550);
INSERT INTO pokemon_evolution (id, pokemon_id, seq) VALUES(59, 59, 27);
INSERT INTO pokemon (id, name, height, weight) VALUES (60, 'poliwag', 6, 124);
INSERT INTO pokemon_evolution (id, pokemon_id, seq) VALUES(60, 60, 28);
INSERT INTO pokemon (id, name, height, weight) VALUES (61, 'poliwhirl', 10, 200);
INSERT INTO pokemon_evolution (id, pokemon_id, seq) VALUES(61, 61, 28);
INSERT INTO pokemon (id, name, height, weight) VALUES (62, 'poliwrath', 13, 540);
INSERT INTO pokemon_evolution (id, pokemon_id, seq) VALUES(62, 62, 28);
INSERT INTO pokemon (id, name, height, weight) VALUES (63, 'abra', 9, 195);
INSERT INTO pokemon_evolution (id, pokemon_id, seq) VALUES(63, 63, 29);
INSERT INTO pokemon (id, name, height, weight) VALUES (64, 'kadabra', 13, 565);
INSERT INTO pokemon_evolution (id, pokemon_id, seq) VALUES(64, 64, 29);
INSERT INTO pokemon (id, name, height, weight) VALUES (65, 'alakazam', 15, 480);
INSERT INTO pokemon_evolution (id, pokemon_id, seq) VALUES(65, 65, 29);
INSERT INTO pokemon (id, name, height, weight) VALUES (66, 'machop', 8, 195);
INSERT INTO pokemon_evolution (id, pokemon_id, seq) VALUES(66, 66, 30);
INSERT INTO pokemon (id, name, height, weight) VALUES (67, 'machoke', 15, 705);
INSERT INTO pokemon_evolution (id, pokemon_id, seq) VALUES(67, 67, 30);
INSERT INTO pokemon (id, name, height, weight) VALUES (68, 'machamp', 16, 1300);
INSERT INTO pokemon_evolution (id, pokemon_id, seq) VALUES(68, 68, 30);
INSERT INTO pokemon (id, name, height, weight) VALUES (69, 'bellsprout', 7, 40);
INSERT INTO pokemon_evolution (id, pokemon_id, seq) VALUES(69, 69, 31);
INSERT INTO pokemon (id, name, height, weight) VALUES (70, 'weepinbell', 10, 64);
INSERT INTO pokemon_evolution (id, pokemon_id, seq) VALUES(70, 70, 31);
INSERT INTO pokemon (id, name, height, weight) VALUES (71, 'victreebel', 17, 155);
INSERT INTO pokemon_evolution (id, pokemon_id, seq) VALUES(71, 71, 31);
INSERT INTO pokemon (id, name, height, weight) VALUES (72, 'tentacool', 9, 455);
INSERT INTO pokemon_evolution (id, pokemon_id, seq) VALUES(72, 72, 32);
INSERT INTO pokemon (id, name, height, weight) VALUES (73, 'tentacruel', 16, 550);
INSERT INTO pokemon_evolution (id, pokemon_id, seq) VALUES(73, 73, 32);
INSERT INTO pokemon (id, name, height, weight) VALUES (74, 'geodude', 4, 200);
INSERT INTO pokemon_evolution (id, pokemon_id, seq) VALUES(74, 74, 33);
INSERT INTO pokemon (id, name, height, weight) VALUES (75, 'graveler', 10, 1050);
INSERT INTO pokemon_evolution (id, pokemon_id, seq) VALUES(75, 75, 33);
INSERT INTO pokemon (id, name, height, weight) VALUES (76, 'golem', 14, 3000);
INSERT INTO pokemon_evolution (id, pokemon_id, seq) VALUES(76, 76, 33);
INSERT INTO pokemon (id, name, height, weight) VALUES (77, 'ponyta', 10, 300);
INSERT INTO pokemon_evolution (id, pokemon_id, seq) VALUES(77, 77, 34);
INSERT INTO pokemon (id, name, height, weight) VALUES (78, 'rapidash', 17, 950);
INSERT INTO pokemon_evolution (id, pokemon_id, seq) VALUES(78, 78, 34);
INSERT INTO pokemon (id, name, height, weight) VALUES (79, 'slowpoke', 12, 360);
INSERT INTO pokemon_evolution (id, pokemon_id, seq) VALUES(79, 79, 35);
INSERT INTO pokemon (id, name, height, weight) VALUES (80, 'slowbro', 16, 785);
INSERT INTO pokemon_evolution (id, pokemon_id, seq) VALUES(80, 80, 35);
INSERT INTO pokemon (id, name, height, weight) VALUES (81, 'magnemite', 3, 60);
INSERT INTO pokemon_evolution (id, pokemon_id, seq) VALUES(81, 81, 36);
INSERT INTO pokemon (id, name, height, weight) VALUES (82, 'magneton', 10, 600);
INSERT INTO pokemon_evolution (id, pokemon_id, seq) VALUES(82, 82, 36);
INSERT INTO pokemon (id, name, height, weight) VALUES (83, 'farfetchd', 8, 150);
INSERT INTO pokemon_evolution (id, pokemon_id, seq) VALUES(83, 83, 37);
INSERT INTO pokemon (id, name, height, weight) VALUES (84, 'doduo', 14, 392);
INSERT INTO pokemon_evolution (id, pokemon_id, seq) VALUES(84, 84, 38);
INSERT INTO pokemon (id, name, height, weight) VALUES (85, 'dodrio', 18, 852);
INSERT INTO pokemon_evolution (id, pokemon_id, seq) VALUES(85, 85, 38);
INSERT INTO pokemon (id, name, height, weight) VALUES (86, 'seel', 11, 900);
INSERT INTO pokemon_evolution (id, pokemon_id, seq) VALUES(86, 86, 39);
INSERT INTO pokemon (id, name, height, weight) VALUES (87, 'dewgong', 17, 1200);
INSERT INTO pokemon_evolution (id, pokemon_id, seq) VALUES(87, 87, 39);
INSERT INTO pokemon (id, name, height, weight) VALUES (88, 'grimer', 9, 300);
INSERT INTO pokemon_evolution (id, pokemon_id, seq) VALUES(88, 88, 40);
INSERT INTO pokemon (id, name, height, weight) VALUES (89, 'muk', 12, 300);
INSERT INTO pokemon_evolution (id, pokemon_id, seq) VALUES(89, 89, 40);
INSERT INTO pokemon (id, name, height, weight) VALUES (90, 'shellder', 3, 40);
INSERT INTO pokemon_evolution (id, pokemon_id, seq) VALUES(90, 90, 41);
INSERT INTO pokemon (id, name, height, weight) VALUES (91, 'cloyster', 15, 1325);
INSERT INTO pokemon_evolution (id, pokemon_id, seq) VALUES(91, 91, 41);
INSERT INTO pokemon (id, name, height, weight) VALUES (92, 'gastly', 13, 1);
INSERT INTO pokemon_evolution (id, pokemon_id, seq) VALUES(92, 92, 42);
INSERT INTO pokemon (id, name, height, weight) VALUES (93, 'haunter', 16, 1);
INSERT INTO pokemon_evolution (id, pokemon_id, seq) VALUES(93, 93, 42);
INSERT INTO pokemon (id, name, height, weight) VALUES (94, 'gengar', 15, 405);
INSERT INTO pokemon_evolution (id, pokemon_id, seq) VALUES(94, 94, 42);
INSERT INTO pokemon (id, name, height, weight) VALUES (95, 'onix', 88, 2100);
INSERT INTO pokemon_evolution (id, pokemon_id, seq) VALUES(95, 95, 43);
INSERT INTO pokemon (id, name, height, weight) VALUES (96, 'drowzee', 10, 324);
INSERT INTO pokemon_evolution (id, pokemon_id, seq) VALUES(96, 96, 44);
INSERT INTO pokemon (id, name, height, weight) VALUES (97, 'hypno', 16, 756);
INSERT INTO pokemon_evolution (id, pokemon_id, seq) VALUES(97, 97, 44);
INSERT INTO pokemon (id, name, height, weight) VALUES (98, 'krabby', 4, 65);
INSERT INTO pokemon_evolution (id, pokemon_id, seq) VALUES(98, 98, 45);
INSERT INTO pokemon (id, name, height, weight) VALUES (99, 'kingler', 13, 600);
INSERT INTO pokemon_evolution (id, pokemon_id, seq) VALUES(99, 99, 45);
INSERT INTO pokemon (id, name, height, weight) VALUES (100, 'voltorb', 5, 104);
INSERT INTO pokemon_evolution (id, pokemon_id, seq) VALUES(100, 100, 46);
INSERT INTO pokemon (id, name, height, weight) VALUES (101, 'electrode', 12, 666);
INSERT INTO pokemon_evolution (id, pokemon_id, seq) VALUES(101, 101, 46);
INSERT INTO pokemon (id, name, height, weight) VALUES (102, 'exeggcute', 4, 25);
INSERT INTO pokemon_evolution (id, pokemon_id, seq) VALUES(102, 102, 47);
INSERT INTO pokemon (id, name, height, weight) VALUES (103, 'exeggutor', 20, 1200);
INSERT INTO pokemon_evolution (id, pokemon_id, seq) VALUES(103, 103, 47);
INSERT INTO pokemon (id, name, height, weight) VALUES (104, 'cubone', 4, 65);
INSERT INTO pokemon_evolution (id, pokemon_id, seq) VALUES(104, 104, 48);
INSERT INTO pokemon (id, name, height, weight) VALUES (105, 'marowak', 10, 450);
INSERT INTO pokemon_evolution (id, pokemon_id, seq) VALUES(105, 105, 48);
INSERT INTO pokemon (id, name, height, weight) VALUES (106, 'hitmonlee', 15, 498);
INSERT INTO pokemon_evolution (id, pokemon_id, seq) VALUES(106, 106, 49);
INSERT INTO pokemon (id, name, height, weight) VALUES (107, 'hitmonchan', 14, 502);
INSERT INTO pokemon_evolution (id, pokemon_id, seq) VALUES(107, 107, 49);
INSERT INTO pokemon (id, name, height, weight) VALUES (108, 'lickitung', 12, 655);
INSERT INTO pokemon_evolution (id, pokemon_id, seq) VALUES(108, 108, 50);
INSERT INTO pokemon (id, name, height, weight) VALUES (109, 'koffing', 6, 10);
INSERT INTO pokemon_evolution (id, pokemon_id, seq) VALUES(109, 109, 51);
INSERT INTO pokemon (id, name, height, weight) VALUES (110, 'weezing', 12, 95);
INSERT INTO pokemon_evolution (id, pokemon_id, seq) VALUES(110, 110, 51);
INSERT INTO pokemon (id, name, height, weight) VALUES (111, 'rhyhorn', 10, 1150);
INSERT INTO pokemon_evolution (id, pokemon_id, seq) VALUES(111, 111, 52);
INSERT INTO pokemon (id, name, height, weight) VALUES (112, 'rhydon', 19, 1200);
INSERT INTO pokemon_evolution (id, pokemon_id, seq) VALUES(112, 112, 52);
INSERT INTO pokemon (id, name, height, weight) VALUES (113, 'chansey', 11, 346);
INSERT INTO pokemon_evolution (id, pokemon_id, seq) VALUES(113, 113, 53);
INSERT INTO pokemon (id, name, height, weight) VALUES (114, 'tangela', 10, 350);
INSERT INTO pokemon_evolution (id, pokemon_id, seq) VALUES(114, 114, 54);
INSERT INTO pokemon (id, name, height, weight) VALUES (115, 'kangaskhan', 22, 800);
INSERT INTO pokemon_evolution (id, pokemon_id, seq) VALUES(115, 115, 55);
INSERT INTO pokemon (id, name, height, weight) VALUES (116, 'horsea', 4, 80);
INSERT INTO pokemon_evolution (id, pokemon_id, seq) VALUES(116, 116, 56);
INSERT INTO pokemon (id, name, height, weight) VALUES (117, 'seadra', 12, 250);
INSERT INTO pokemon_evolution (id, pokemon_id, seq) VALUES(117, 117, 56);
INSERT INTO pokemon (id, name, height, weight) VALUES (118, 'goldeen', 6, 150);
INSERT INTO pokemon_evolution (id, pokemon_id, seq) VALUES(118, 118, 57);
INSERT INTO pokemon (id, name, height, weight) VALUES (119, 'seaking', 13, 390);
INSERT INTO pokemon_evolution (id, pokemon_id, seq) VALUES(119, 119, 57);
INSERT INTO pokemon (id, name, height, weight) VALUES (120, 'staryu', 8, 345);
INSERT INTO pokemon_evolution (id, pokemon_id, seq) VALUES(120, 120, 58);
INSERT INTO pokemon (id, name, height, weight) VALUES (121, 'starmie', 11, 800);
INSERT INTO pokemon_evolution (id, pokemon_id, seq) VALUES(121, 121, 58);
INSERT INTO pokemon (id, name, height, weight) VALUES (122, 'mr-mime', 13, 545);
INSERT INTO pokemon_evolution (id, pokemon_id, seq) VALUES(122, 122, 59);
INSERT INTO pokemon (id, name, height, weight) VALUES (123, 'scyther', 15, 560);
INSERT INTO pokemon_evolution (id, pokemon_id, seq) VALUES(123, 123, 60);
INSERT INTO pokemon (id, name, height, weight) VALUES (124, 'jynx', 14, 406);
INSERT INTO pokemon_evolution (id, pokemon_id, seq) VALUES(124, 124, 61);
INSERT INTO pokemon (id, name, height, weight) VALUES (125, 'electabuzz', 11, 300);
INSERT INTO pokemon_evolution (id, pokemon_id, seq) VALUES(125, 125, 62);
INSERT INTO pokemon (id, name, height, weight) VALUES (126, 'magmar', 13, 445);
INSERT INTO pokemon_evolution (id, pokemon_id, seq) VALUES(126, 126, 63);
INSERT INTO pokemon (id, name, height, weight) VALUES (127, 'pinsir', 15, 550);
INSERT INTO pokemon_evolution (id, pokemon_id, seq) VALUES(127, 127, 64);
INSERT INTO pokemon (id, name, height, weight) VALUES (128, 'tauros', 14, 884);
INSERT INTO pokemon_evolution (id, pokemon_id, seq) VALUES(128, 128, 65);
INSERT INTO pokemon (id, name, height, weight) VALUES (129, 'magikarp', 9, 100);
INSERT INTO pokemon_evolution (id, pokemon_id, seq) VALUES(129, 129, 66);
INSERT INTO pokemon (id, name, height, weight) VALUES (130, 'gyarados', 65, 2350);
INSERT INTO pokemon_evolution (id, pokemon_id, seq) VALUES(130, 130, 66);
INSERT INTO pokemon (id, name, height, weight) VALUES (131, 'lapras', 25, 2200);
INSERT INTO pokemon_evolution (id, pokemon_id, seq) VALUES(131, 131, 67);
INSERT INTO pokemon (id, name, height, weight) VALUES (132, 'ditto', 3, 40);
INSERT INTO pokemon_evolution (id, pokemon_id, seq) VALUES(132, 132, 68);
INSERT INTO pokemon (id, name, height, weight) VALUES (133, 'eevee', 3, 65);
INSERT INTO pokemon_evolution (id, pokemon_id, seq) VALUES(133, 133, 69);
INSERT INTO pokemon (id, name, height, weight) VALUES (134, 'vaporeon', 10, 290);
INSERT INTO pokemon_evolution (id, pokemon_id, seq) VALUES(134, 134, 69);
INSERT INTO pokemon (id, name, height, weight) VALUES (135, 'jolteon', 8, 245);
INSERT INTO pokemon_evolution (id, pokemon_id, seq) VALUES(135, 135, 69);
INSERT INTO pokemon (id, name, height, weight) VALUES (136, 'flareon', 9, 250);
INSERT INTO pokemon_evolution (id, pokemon_id, seq) VALUES(136, 136, 69);
INSERT INTO pokemon (id, name, height, weight) VALUES (137, 'porygon', 8, 365);
INSERT INTO pokemon_evolution (id, pokemon_id, seq) VALUES(137, 137, 70);
INSERT INTO pokemon (id, name, height, weight) VALUES (138, 'omanyte', 4, 75);
INSERT INTO pokemon_evolution (id, pokemon_id, seq) VALUES(138, 138, 71);
INSERT INTO pokemon (id, name, height, weight) VALUES (139, 'omastar', 10, 350);
INSERT INTO pokemon_evolution (id, pokemon_id, seq) VALUES(139, 139, 71);
INSERT INTO pokemon (id, name, height, weight) VALUES (140, 'kabuto', 5, 115);
INSERT INTO pokemon_evolution (id, pokemon_id, seq) VALUES(140, 140, 72);
INSERT INTO pokemon (id, name, height, weight) VALUES (141, 'kabutops', 13, 405);
INSERT INTO pokemon_evolution (id, pokemon_id, seq) VALUES(141, 141, 72);
INSERT INTO pokemon (id, name, height, weight) VALUES (142, 'aerodactyl', 18, 590);
INSERT INTO pokemon_evolution (id, pokemon_id, seq) VALUES(142, 142, 73);
INSERT INTO pokemon (id, name, height, weight) VALUES (143, 'snorlax', 21, 4600);
INSERT INTO pokemon_evolution (id, pokemon_id, seq) VALUES(143, 143, 74);
INSERT INTO pokemon (id, name, height, weight) VALUES (144, 'articuno', 17, 554);
INSERT INTO pokemon_evolution (id, pokemon_id, seq) VALUES(144, 144, 75);
INSERT INTO pokemon (id, name, height, weight) VALUES (145, 'zapdos', 16, 526);
INSERT INTO pokemon_evolution (id, pokemon_id, seq) VALUES(145, 145, 76);
INSERT INTO pokemon (id, name, height, weight) VALUES (146, 'moltres', 20, 600);
INSERT INTO pokemon_evolution (id, pokemon_id, seq) VALUES(146, 146, 77);
INSERT INTO pokemon (id, name, height, weight) VALUES (147, 'dratini', 18, 33);
INSERT INTO pokemon_evolution (id, pokemon_id, seq) VALUES(147, 147, 78);
INSERT INTO pokemon (id, name, height, weight) VALUES (148, 'dragonair', 40, 165);
INSERT INTO pokemon_evolution (id, pokemon_id, seq) VALUES(148, 148, 78);
INSERT INTO pokemon (id, name, height, weight) VALUES (149, 'dragonite', 22, 2100);
INSERT INTO pokemon_evolution (id, pokemon_id, seq) VALUES(149, 149, 78);
INSERT INTO pokemon (id, name, height, weight) VALUES (150, 'mewtwo', 20, 1220);
INSERT INTO pokemon_evolution (id, pokemon_id, seq) VALUES(150, 150, 79);

INSERT INTO pokemon_type (id, pokemon_id, type_id, seq) VALUES (1, 1, 12, 1);
INSERT INTO pokemon_type (id, pokemon_id, type_id, seq) VALUES (2, 1, 4, 2);
INSERT INTO pokemon_type (id, pokemon_id, type_id, seq) VALUES (3, 2, 12, 1);
INSERT INTO pokemon_type (id, pokemon_id, type_id, seq) VALUES (4, 2, 4, 2);
INSERT INTO pokemon_type (id, pokemon_id, type_id, seq) VALUES (5, 3, 12, 1);
INSERT INTO pokemon_type (id, pokemon_id, type_id, seq) VALUES (6, 3, 4, 2);
INSERT INTO pokemon_type (id, pokemon_id, type_id, seq) VALUES (7, 4, 10, 1);
INSERT INTO pokemon_type (id, pokemon_id, type_id, seq) VALUES (8, 5, 10, 1);
INSERT INTO pokemon_type (id, pokemon_id, type_id, seq) VALUES (9, 6, 10, 1);
INSERT INTO pokemon_type (id, pokemon_id, type_id, seq) VALUES (10, 6, 3, 2);
INSERT INTO pokemon_type (id, pokemon_id, type_id, seq) VALUES (11, 7, 11, 1);
INSERT INTO pokemon_type (id, pokemon_id, type_id, seq) VALUES (12, 8, 11, 1);
INSERT INTO pokemon_type (id, pokemon_id, type_id, seq) VALUES (13, 9, 11, 1);
INSERT INTO pokemon_type (id, pokemon_id, type_id, seq) VALUES (14, 10, 7, 1);
INSERT INTO pokemon_type (id, pokemon_id, type_id, seq) VALUES (15, 11, 7, 1);
INSERT INTO pokemon_type (id, pokemon_id, type_id, seq) VALUES (16, 12, 7, 1);
INSERT INTO pokemon_type (id, pokemon_id, type_id, seq) VALUES (17, 12, 3, 2);
INSERT INTO pokemon_type (id, pokemon_id, type_id, seq) VALUES (18, 13, 7, 1);
INSERT INTO pokemon_type (id, pokemon_id, type_id, seq) VALUES (19, 13, 4, 2);
INSERT INTO pokemon_type (id, pokemon_id, type_id, seq) VALUES (20, 14, 7, 1);
INSERT INTO pokemon_type (id, pokemon_id, type_id, seq) VALUES (21, 14, 4, 2);
INSERT INTO pokemon_type (id, pokemon_id, type_id, seq) VALUES (22, 15, 7, 1);
INSERT INTO pokemon_type (id, pokemon_id, type_id, seq) VALUES (23, 15, 4, 2);
INSERT INTO pokemon_type (id, pokemon_id, type_id, seq) VALUES (24, 16, 1, 1);
INSERT INTO pokemon_type (id, pokemon_id, type_id, seq) VALUES (25, 16, 3, 2);
INSERT INTO pokemon_type (id, pokemon_id, type_id, seq) VALUES (26, 17, 1, 1);
INSERT INTO pokemon_type (id, pokemon_id, type_id, seq) VALUES (27, 17, 3, 2);
INSERT INTO pokemon_type (id, pokemon_id, type_id, seq) VALUES (28, 18, 1, 1);
INSERT INTO pokemon_type (id, pokemon_id, type_id, seq) VALUES (29, 18, 3, 2);
INSERT INTO pokemon_type (id, pokemon_id, type_id, seq) VALUES (30, 19, 1, 1);
INSERT INTO pokemon_type (id, pokemon_id, type_id, seq) VALUES (31, 20, 1, 1);
INSERT INTO pokemon_type (id, pokemon_id, type_id, seq) VALUES (32, 21, 1, 1);
INSERT INTO pokemon_type (id, pokemon_id, type_id, seq) VALUES (33, 21, 3, 2);
INSERT INTO pokemon_type (id, pokemon_id, type_id, seq) VALUES (34, 22, 1, 1);
INSERT INTO pokemon_type (id, pokemon_id, type_id, seq) VALUES (35, 22, 3, 2);
INSERT INTO pokemon_type (id, pokemon_id, type_id, seq) VALUES (36, 23, 4, 1);
INSERT INTO pokemon_type (id, pokemon_id, type_id, seq) VALUES (37, 24, 4, 1);
INSERT INTO pokemon_type (id, pokemon_id, type_id, seq) VALUES (38, 25, 13, 1);
INSERT INTO pokemon_type (id, pokemon_id, type_id, seq) VALUES (39, 26, 13, 1);
INSERT INTO pokemon_type (id, pokemon_id, type_id, seq) VALUES (40, 27, 5, 1);
INSERT INTO pokemon_type (id, pokemon_id, type_id, seq) VALUES (41, 28, 5, 1);
INSERT INTO pokemon_type (id, pokemon_id, type_id, seq) VALUES (42, 29, 4, 1);
INSERT INTO pokemon_type (id, pokemon_id, type_id, seq) VALUES (43, 30, 4, 1);
INSERT INTO pokemon_type (id, pokemon_id, type_id, seq) VALUES (44, 31, 4, 1);
INSERT INTO pokemon_type (id, pokemon_id, type_id, seq) VALUES (45, 31, 5, 2);
INSERT INTO pokemon_type (id, pokemon_id, type_id, seq) VALUES (46, 32, 4, 1);
INSERT INTO pokemon_type (id, pokemon_id, type_id, seq) VALUES (47, 33, 4, 1);
INSERT INTO pokemon_type (id, pokemon_id, type_id, seq) VALUES (48, 34, 4, 1);
INSERT INTO pokemon_type (id, pokemon_id, type_id, seq) VALUES (49, 34, 5, 2);
INSERT INTO pokemon_type (id, pokemon_id, type_id, seq) VALUES (50, 35, 17, 1);
INSERT INTO pokemon_type (id, pokemon_id, type_id, seq) VALUES (51, 36, 17, 1);
INSERT INTO pokemon_type (id, pokemon_id, type_id, seq) VALUES (52, 37, 10, 1);
INSERT INTO pokemon_type (id, pokemon_id, type_id, seq) VALUES (53, 38, 10, 1);
INSERT INTO pokemon_type (id, pokemon_id, type_id, seq) VALUES (54, 39, 1, 1);
INSERT INTO pokemon_type (id, pokemon_id, type_id, seq) VALUES (55, 39, 17, 2);
INSERT INTO pokemon_type (id, pokemon_id, type_id, seq) VALUES (56, 40, 1, 1);
INSERT INTO pokemon_type (id, pokemon_id, type_id, seq) VALUES (57, 40, 17, 2);
INSERT INTO pokemon_type (id, pokemon_id, type_id, seq) VALUES (58, 41, 4, 1);
INSERT INTO pokemon_type (id, pokemon_id, type_id, seq) VALUES (59, 41, 3, 2);
INSERT INTO pokemon_type (id, pokemon_id, type_id, seq) VALUES (60, 42, 4, 1);
INSERT INTO pokemon_type (id, pokemon_id, type_id, seq) VALUES (61, 42, 3, 2);
INSERT INTO pokemon_type (id, pokemon_id, type_id, seq) VALUES (62, 43, 12, 1);
INSERT INTO pokemon_type (id, pokemon_id, type_id, seq) VALUES (63, 43, 4, 2);
INSERT INTO pokemon_type (id, pokemon_id, type_id, seq) VALUES (64, 44, 12, 1);
INSERT INTO pokemon_type (id, pokemon_id, type_id, seq) VALUES (65, 44, 4, 2);
INSERT INTO pokemon_type (id, pokemon_id, type_id, seq) VALUES (66, 45, 12, 1);
INSERT INTO pokemon_type (id, pokemon_id, type_id, seq) VALUES (67, 45, 4, 2);
INSERT INTO pokemon_type (id, pokemon_id, type_id, seq) VALUES (68, 46, 7, 1);
INSERT INTO pokemon_type (id, pokemon_id, type_id, seq) VALUES (69, 46, 12, 2);
INSERT INTO pokemon_type (id, pokemon_id, type_id, seq) VALUES (70, 47, 7, 1);
INSERT INTO pokemon_type (id, pokemon_id, type_id, seq) VALUES (71, 47, 12, 2);
INSERT INTO pokemon_type (id, pokemon_id, type_id, seq) VALUES (72, 48, 7, 1);
INSERT INTO pokemon_type (id, pokemon_id, type_id, seq) VALUES (73, 48, 4, 2);
INSERT INTO pokemon_type (id, pokemon_id, type_id, seq) VALUES (74, 49, 7, 1);
INSERT INTO pokemon_type (id, pokemon_id, type_id, seq) VALUES (75, 49, 4, 2);
INSERT INTO pokemon_type (id, pokemon_id, type_id, seq) VALUES (76, 50, 5, 1);
INSERT INTO pokemon_type (id, pokemon_id, type_id, seq) VALUES (77, 51, 5, 1);
INSERT INTO pokemon_type (id, pokemon_id, type_id, seq) VALUES (78, 52, 1, 1);
INSERT INTO pokemon_type (id, pokemon_id, type_id, seq) VALUES (79, 53, 1, 1);
INSERT INTO pokemon_type (id, pokemon_id, type_id, seq) VALUES (80, 54, 11, 1);
INSERT INTO pokemon_type (id, pokemon_id, type_id, seq) VALUES (81, 55, 11, 1);
INSERT INTO pokemon_type (id, pokemon_id, type_id, seq) VALUES (82, 56, 2, 1);
INSERT INTO pokemon_type (id, pokemon_id, type_id, seq) VALUES (83, 57, 2, 1);
INSERT INTO pokemon_type (id, pokemon_id, type_id, seq) VALUES (84, 58, 10, 1);
INSERT INTO pokemon_type (id, pokemon_id, type_id, seq) VALUES (85, 59, 10, 1);
INSERT INTO pokemon_type (id, pokemon_id, type_id, seq) VALUES (86, 60, 11, 1);
INSERT INTO pokemon_type (id, pokemon_id, type_id, seq) VALUES (87, 61, 11, 1);
INSERT INTO pokemon_type (id, pokemon_id, type_id, seq) VALUES (88, 62, 11, 1);
INSERT INTO pokemon_type (id, pokemon_id, type_id, seq) VALUES (89, 62, 2, 2);
INSERT INTO pokemon_type (id, pokemon_id, type_id, seq) VALUES (90, 63, 14, 1);
INSERT INTO pokemon_type (id, pokemon_id, type_id, seq) VALUES (91, 64, 14, 1);
INSERT INTO pokemon_type (id, pokemon_id, type_id, seq) VALUES (92, 65, 14, 1);
INSERT INTO pokemon_type (id, pokemon_id, type_id, seq) VALUES (93, 66, 2, 1);
INSERT INTO pokemon_type (id, pokemon_id, type_id, seq) VALUES (94, 67, 2, 1);
INSERT INTO pokemon_type (id, pokemon_id, type_id, seq) VALUES (95, 68, 2, 1);
INSERT INTO pokemon_type (id, pokemon_id, type_id, seq) VALUES (96, 69, 12, 1);
INSERT INTO pokemon_type (id, pokemon_id, type_id, seq) VALUES (97, 69, 4, 2);
INSERT INTO pokemon_type (id, pokemon_id, type_id, seq) VALUES (98, 70, 12, 1);
INSERT INTO pokemon_type (id, pokemon_id, type_id, seq) VALUES (99, 70, 4, 2);
INSERT INTO pokemon_type (id, pokemon_id, type_id, seq) VALUES (100, 71, 12, 1);
INSERT INTO pokemon_type (id, pokemon_id, type_id, seq) VALUES (101, 71, 4, 2);
INSERT INTO pokemon_type (id, pokemon_id, type_id, seq) VALUES (102, 72, 11, 1);
INSERT INTO pokemon_type (id, pokemon_id, type_id, seq) VALUES (103, 72, 4, 2);
INSERT INTO pokemon_type (id, pokemon_id, type_id, seq) VALUES (104, 73, 11, 1);
INSERT INTO pokemon_type (id, pokemon_id, type_id, seq) VALUES (105, 73, 4, 2);
INSERT INTO pokemon_type (id, pokemon_id, type_id, seq) VALUES (106, 74, 6, 1);
INSERT INTO pokemon_type (id, pokemon_id, type_id, seq) VALUES (107, 74, 5, 2);
INSERT INTO pokemon_type (id, pokemon_id, type_id, seq) VALUES (108, 75, 6, 1);
INSERT INTO pokemon_type (id, pokemon_id, type_id, seq) VALUES (109, 75, 5, 2);
INSERT INTO pokemon_type (id, pokemon_id, type_id, seq) VALUES (110, 76, 6, 1);
INSERT INTO pokemon_type (id, pokemon_id, type_id, seq) VALUES (111, 76, 5, 2);
INSERT INTO pokemon_type (id, pokemon_id, type_id, seq) VALUES (112, 77, 10, 1);
INSERT INTO pokemon_type (id, pokemon_id, type_id, seq) VALUES (113, 78, 10, 1);
INSERT INTO pokemon_type (id, pokemon_id, type_id, seq) VALUES (114, 79, 11, 1);
INSERT INTO pokemon_type (id, pokemon_id, type_id, seq) VALUES (115, 79, 14, 2);
INSERT INTO pokemon_type (id, pokemon_id, type_id, seq) VALUES (116, 80, 11, 1);
INSERT INTO pokemon_type (id, pokemon_id, type_id, seq) VALUES (117, 80, 14, 2);
INSERT INTO pokemon_type (id, pokemon_id, type_id, seq) VALUES (118, 81, 13, 1);
INSERT INTO pokemon_type (id, pokemon_id, type_id, seq) VALUES (119, 81, 9, 2);
INSERT INTO pokemon_type (id, pokemon_id, type_id, seq) VALUES (120, 82, 13, 1);
INSERT INTO pokemon_type (id, pokemon_id, type_id, seq) VALUES (121, 82, 9, 2);
INSERT INTO pokemon_type (id, pokemon_id, type_id, seq) VALUES (122, 83, 1, 1);
INSERT INTO pokemon_type (id, pokemon_id, type_id, seq) VALUES (123, 83, 3, 2);
INSERT INTO pokemon_type (id, pokemon_id, type_id, seq) VALUES (124, 84, 1, 1);
INSERT INTO pokemon_type (id, pokemon_id, type_id, seq) VALUES (125, 84, 3, 2);
INSERT INTO pokemon_type (id, pokemon_id, type_id, seq) VALUES (126, 85, 1, 1);
INSERT INTO pokemon_type (id, pokemon_id, type_id, seq) VALUES (127, 85, 3, 2);
INSERT INTO pokemon_type (id, pokemon_id, type_id, seq) VALUES (128, 86, 11, 1);
INSERT INTO pokemon_type (id, pokemon_id, type_id, seq) VALUES (129, 87, 11, 1);
INSERT INTO pokemon_type (id, pokemon_id, type_id, seq) VALUES (130, 87, 15, 2);
INSERT INTO pokemon_type (id, pokemon_id, type_id, seq) VALUES (131, 88, 4, 1);
INSERT INTO pokemon_type (id, pokemon_id, type_id, seq) VALUES (132, 89, 4, 1);
INSERT INTO pokemon_type (id, pokemon_id, type_id, seq) VALUES (133, 90, 11, 1);
INSERT INTO pokemon_type (id, pokemon_id, type_id, seq) VALUES (134, 91, 11, 1);
INSERT INTO pokemon_type (id, pokemon_id, type_id, seq) VALUES (135, 91, 15, 2);
INSERT INTO pokemon_type (id, pokemon_id, type_id, seq) VALUES (136, 92, 8, 1);
INSERT INTO pokemon_type (id, pokemon_id, type_id, seq) VALUES (137, 92, 4, 2);
INSERT INTO pokemon_type (id, pokemon_id, type_id, seq) VALUES (138, 93, 8, 1);
INSERT INTO pokemon_type (id, pokemon_id, type_id, seq) VALUES (139, 93, 4, 2);
INSERT INTO pokemon_type (id, pokemon_id, type_id, seq) VALUES (140, 94, 8, 1);
INSERT INTO pokemon_type (id, pokemon_id, type_id, seq) VALUES (141, 94, 4, 2);
INSERT INTO pokemon_type (id, pokemon_id, type_id, seq) VALUES (142, 95, 6, 1);
INSERT INTO pokemon_type (id, pokemon_id, type_id, seq) VALUES (143, 95, 5, 2);
INSERT INTO pokemon_type (id, pokemon_id, type_id, seq) VALUES (144, 96, 14, 1);
INSERT INTO pokemon_type (id, pokemon_id, type_id, seq) VALUES (145, 97, 14, 1);
INSERT INTO pokemon_type (id, pokemon_id, type_id, seq) VALUES (146, 98, 11, 1);
INSERT INTO pokemon_type (id, pokemon_id, type_id, seq) VALUES (147, 99, 11, 1);
INSERT INTO pokemon_type (id, pokemon_id, type_id, seq) VALUES (148, 100, 13, 1);
INSERT INTO pokemon_type (id, pokemon_id, type_id, seq) VALUES (149, 101, 13, 1);
INSERT INTO pokemon_type (id, pokemon_id, type_id, seq) VALUES (150, 102, 12, 1);
INSERT INTO pokemon_type (id, pokemon_id, type_id, seq) VALUES (151, 102, 14, 2);
INSERT INTO pokemon_type (id, pokemon_id, type_id, seq) VALUES (152, 103, 12, 1);
INSERT INTO pokemon_type (id, pokemon_id, type_id, seq) VALUES (153, 103, 14, 2);
INSERT INTO pokemon_type (id, pokemon_id, type_id, seq) VALUES (154, 104, 5, 1);
INSERT INTO pokemon_type (id, pokemon_id, type_id, seq) VALUES (155, 105, 5, 1);
INSERT INTO pokemon_type (id, pokemon_id, type_id, seq) VALUES (156, 106, 2, 1);
INSERT INTO pokemon_type (id, pokemon_id, type_id, seq) VALUES (157, 107, 2, 1);
INSERT INTO pokemon_type (id, pokemon_id, type_id, seq) VALUES (158, 108, 1, 1);
INSERT INTO pokemon_type (id, pokemon_id, type_id, seq) VALUES (159, 109, 4, 1);
INSERT INTO pokemon_type (id, pokemon_id, type_id, seq) VALUES (160, 110, 4, 1);
INSERT INTO pokemon_type (id, pokemon_id, type_id, seq) VALUES (161, 111, 5, 1);
INSERT INTO pokemon_type (id, pokemon_id, type_id, seq) VALUES (162, 111, 6, 2);
INSERT INTO pokemon_type (id, pokemon_id, type_id, seq) VALUES (163, 112, 5, 1);
INSERT INTO pokemon_type (id, pokemon_id, type_id, seq) VALUES (164, 112, 6, 2);
INSERT INTO pokemon_type (id, pokemon_id, type_id, seq) VALUES (165, 113, 1, 1);
INSERT INTO pokemon_type (id, pokemon_id, type_id, seq) VALUES (166, 114, 12, 1);
INSERT INTO pokemon_type (id, pokemon_id, type_id, seq) VALUES (167, 115, 1, 1);
INSERT INTO pokemon_type (id, pokemon_id, type_id, seq) VALUES (168, 116, 11, 1);
INSERT INTO pokemon_type (id, pokemon_id, type_id, seq) VALUES (169, 117, 11, 1);
INSERT INTO pokemon_type (id, pokemon_id, type_id, seq) VALUES (170, 118, 11, 1);
INSERT INTO pokemon_type (id, pokemon_id, type_id, seq) VALUES (171, 119, 11, 1);
INSERT INTO pokemon_type (id, pokemon_id, type_id, seq) VALUES (172, 120, 11, 1);
INSERT INTO pokemon_type (id, pokemon_id, type_id, seq) VALUES (173, 121, 11, 1);
INSERT INTO pokemon_type (id, pokemon_id, type_id, seq) VALUES (174, 121, 14, 2);
INSERT INTO pokemon_type (id, pokemon_id, type_id, seq) VALUES (175, 122, 14, 1);
INSERT INTO pokemon_type (id, pokemon_id, type_id, seq) VALUES (176, 122, 17, 2);
INSERT INTO pokemon_type (id, pokemon_id, type_id, seq) VALUES (177, 123, 7, 1);
INSERT INTO pokemon_type (id, pokemon_id, type_id, seq) VALUES (178, 123, 3, 2);
INSERT INTO pokemon_type (id, pokemon_id, type_id, seq) VALUES (179, 124, 15, 1);
INSERT INTO pokemon_type (id, pokemon_id, type_id, seq) VALUES (180, 124, 14, 2);
INSERT INTO pokemon_type (id, pokemon_id, type_id, seq) VALUES (181, 125, 13, 1);
INSERT INTO pokemon_type (id, pokemon_id, type_id, seq) VALUES (182, 126, 10, 1);
INSERT INTO pokemon_type (id, pokemon_id, type_id, seq) VALUES (183, 127, 7, 1);
INSERT INTO pokemon_type (id, pokemon_id, type_id, seq) VALUES (184, 128, 1, 1);
INSERT INTO pokemon_type (id, pokemon_id, type_id, seq) VALUES (185, 129, 11, 1);
INSERT INTO pokemon_type (id, pokemon_id, type_id, seq) VALUES (186, 130, 11, 1);
INSERT INTO pokemon_type (id, pokemon_id, type_id, seq) VALUES (187, 130, 3, 2);
INSERT INTO pokemon_type (id, pokemon_id, type_id, seq) VALUES (188, 131, 11, 1);
INSERT INTO pokemon_type (id, pokemon_id, type_id, seq) VALUES (189, 131, 15, 2);
INSERT INTO pokemon_type (id, pokemon_id, type_id, seq) VALUES (190, 132, 1, 1);
INSERT INTO pokemon_type (id, pokemon_id, type_id, seq) VALUES (191, 133, 1, 1);
INSERT INTO pokemon_type (id, pokemon_id, type_id, seq) VALUES (192, 134, 11, 1);
INSERT INTO pokemon_type (id, pokemon_id, type_id, seq) VALUES (193, 135, 13, 1);
INSERT INTO pokemon_type (id, pokemon_id, type_id, seq) VALUES (194, 136, 10, 1);
INSERT INTO pokemon_type (id, pokemon_id, type_id, seq) VALUES (195, 137, 1, 1);
INSERT INTO pokemon_type (id, pokemon_id, type_id, seq) VALUES (196, 138, 6, 1);
INSERT INTO pokemon_type (id, pokemon_id, type_id, seq) VALUES (197, 138, 11, 2);
INSERT INTO pokemon_type (id, pokemon_id, type_id, seq) VALUES (198, 139, 6, 1);
INSERT INTO pokemon_type (id, pokemon_id, type_id, seq) VALUES (199, 139, 11, 2);
INSERT INTO pokemon_type (id, pokemon_id, type_id, seq) VALUES (200, 140, 6, 1);
INSERT INTO pokemon_type (id, pokemon_id, type_id, seq) VALUES (201, 140, 11, 2);
INSERT INTO pokemon_type (id, pokemon_id, type_id, seq) VALUES (202, 141, 6, 1);
INSERT INTO pokemon_type (id, pokemon_id, type_id, seq) VALUES (203, 141, 11, 2);
INSERT INTO pokemon_type (id, pokemon_id, type_id, seq) VALUES (204, 142, 6, 1);
INSERT INTO pokemon_type (id, pokemon_id, type_id, seq) VALUES (205, 142, 3, 2);
INSERT INTO pokemon_type (id, pokemon_id, type_id, seq) VALUES (206, 143, 1, 1);
INSERT INTO pokemon_type (id, pokemon_id, type_id, seq) VALUES (207, 144, 15, 1);
INSERT INTO pokemon_type (id, pokemon_id, type_id, seq) VALUES (208, 144, 3, 2);
INSERT INTO pokemon_type (id, pokemon_id, type_id, seq) VALUES (209, 145, 13, 1);
INSERT INTO pokemon_type (id, pokemon_id, type_id, seq) VALUES (210, 145, 3, 2);
INSERT INTO pokemon_type (id, pokemon_id, type_id, seq) VALUES (211, 146, 10, 1);
INSERT INTO pokemon_type (id, pokemon_id, type_id, seq) VALUES (212, 146, 3, 2);
INSERT INTO pokemon_type (id, pokemon_id, type_id, seq) VALUES (213, 147, 16, 1);
INSERT INTO pokemon_type (id, pokemon_id, type_id, seq) VALUES (214, 148, 16, 1);
INSERT INTO pokemon_type (id, pokemon_id, type_id, seq) VALUES (215, 149, 16, 1);
INSERT INTO pokemon_type (id, pokemon_id, type_id, seq) VALUES (216, 149, 3, 2);
INSERT INTO pokemon_type (id, pokemon_id, type_id, seq) VALUES (217, 150, 14, 1);

INSERT INTO sprite (id, pokemon_id, front, back) VALUES (1, 1, 'http://localhost:4000/api/public/sprites/1-front.png', 'http://localhost:4000/api/public/sprites/1-back.png');
INSERT INTO sprite (id, pokemon_id, front, back) VALUES (2, 2, 'http://localhost:4000/api/public/sprites/2-front.png', 'http://localhost:4000/api/public/sprites/2-back.png');
INSERT INTO sprite (id, pokemon_id, front, back) VALUES (3, 3, 'http://localhost:4000/api/public/sprites/3-front.png', 'http://localhost:4000/api/public/sprites/3-back.png');
INSERT INTO sprite (id, pokemon_id, front, back) VALUES (4, 4, 'http://localhost:4000/api/public/sprites/4-front.png', 'http://localhost:4000/api/public/sprites/4-back.png');
INSERT INTO sprite (id, pokemon_id, front, back) VALUES (5, 5, 'http://localhost:4000/api/public/sprites/5-front.png', 'http://localhost:4000/api/public/sprites/5-back.png');
INSERT INTO sprite (id, pokemon_id, front, back) VALUES (6, 6, 'http://localhost:4000/api/public/sprites/6-front.png', 'http://localhost:4000/api/public/sprites/6-back.png');
INSERT INTO sprite (id, pokemon_id, front, back) VALUES (7, 7, 'http://localhost:4000/api/public/sprites/7-front.png', 'http://localhost:4000/api/public/sprites/7-back.png');
INSERT INTO sprite (id, pokemon_id, front, back) VALUES (8, 8, 'http://localhost:4000/api/public/sprites/8-front.png', 'http://localhost:4000/api/public/sprites/8-back.png');
INSERT INTO sprite (id, pokemon_id, front, back) VALUES (9, 9, 'http://localhost:4000/api/public/sprites/9-front.png', 'http://localhost:4000/api/public/sprites/9-back.png');
INSERT INTO sprite (id, pokemon_id, front, back) VALUES (10, 10, 'http://localhost:4000/api/public/sprites/10-front.png', 'http://localhost:4000/api/public/sprites/10-back.png');
INSERT INTO sprite (id, pokemon_id, front, back) VALUES (11, 11, 'http://localhost:4000/api/public/sprites/11-front.png', 'http://localhost:4000/api/public/sprites/11-back.png');
INSERT INTO sprite (id, pokemon_id, front, back) VALUES (12, 12, 'http://localhost:4000/api/public/sprites/12-front.png', 'http://localhost:4000/api/public/sprites/12-back.png');
INSERT INTO sprite (id, pokemon_id, front, back) VALUES (13, 13, 'http://localhost:4000/api/public/sprites/13-front.png', 'http://localhost:4000/api/public/sprites/13-back.png');
INSERT INTO sprite (id, pokemon_id, front, back) VALUES (14, 14, 'http://localhost:4000/api/public/sprites/14-front.png', 'http://localhost:4000/api/public/sprites/14-back.png');
INSERT INTO sprite (id, pokemon_id, front, back) VALUES (15, 15, 'http://localhost:4000/api/public/sprites/15-front.png', 'http://localhost:4000/api/public/sprites/15-back.png');
INSERT INTO sprite (id, pokemon_id, front, back) VALUES (16, 16, 'http://localhost:4000/api/public/sprites/16-front.png', 'http://localhost:4000/api/public/sprites/16-back.png');
INSERT INTO sprite (id, pokemon_id, front, back) VALUES (17, 17, 'http://localhost:4000/api/public/sprites/17-front.png', 'http://localhost:4000/api/public/sprites/17-back.png');
INSERT INTO sprite (id, pokemon_id, front, back) VALUES (18, 18, 'http://localhost:4000/api/public/sprites/18-front.png', 'http://localhost:4000/api/public/sprites/18-back.png');
INSERT INTO sprite (id, pokemon_id, front, back) VALUES (19, 19, 'http://localhost:4000/api/public/sprites/19-front.png', 'http://localhost:4000/api/public/sprites/19-back.png');
INSERT INTO sprite (id, pokemon_id, front, back) VALUES (20, 20, 'http://localhost:4000/api/public/sprites/20-front.png', 'http://localhost:4000/api/public/sprites/20-back.png');
INSERT INTO sprite (id, pokemon_id, front, back) VALUES (21, 21, 'http://localhost:4000/api/public/sprites/21-front.png', 'http://localhost:4000/api/public/sprites/21-back.png');
INSERT INTO sprite (id, pokemon_id, front, back) VALUES (22, 22, 'http://localhost:4000/api/public/sprites/22-front.png', 'http://localhost:4000/api/public/sprites/22-back.png');
INSERT INTO sprite (id, pokemon_id, front, back) VALUES (23, 23, 'http://localhost:4000/api/public/sprites/23-front.png', 'http://localhost:4000/api/public/sprites/23-back.png');
INSERT INTO sprite (id, pokemon_id, front, back) VALUES (24, 24, 'http://localhost:4000/api/public/sprites/24-front.png', 'http://localhost:4000/api/public/sprites/24-back.png');
INSERT INTO sprite (id, pokemon_id, front, back) VALUES (25, 25, 'http://localhost:4000/api/public/sprites/25-front.png', 'http://localhost:4000/api/public/sprites/25-back.png');
INSERT INTO sprite (id, pokemon_id, front, back) VALUES (26, 26, 'http://localhost:4000/api/public/sprites/26-front.png', 'http://localhost:4000/api/public/sprites/26-back.png');
INSERT INTO sprite (id, pokemon_id, front, back) VALUES (27, 27, 'http://localhost:4000/api/public/sprites/27-front.png', 'http://localhost:4000/api/public/sprites/27-back.png');
INSERT INTO sprite (id, pokemon_id, front, back) VALUES (28, 28, 'http://localhost:4000/api/public/sprites/28-front.png', 'http://localhost:4000/api/public/sprites/28-back.png');
INSERT INTO sprite (id, pokemon_id, front, back) VALUES (29, 29, 'http://localhost:4000/api/public/sprites/29-front.png', 'http://localhost:4000/api/public/sprites/29-back.png');
INSERT INTO sprite (id, pokemon_id, front, back) VALUES (30, 30, 'http://localhost:4000/api/public/sprites/30-front.png', 'http://localhost:4000/api/public/sprites/30-back.png');
INSERT INTO sprite (id, pokemon_id, front, back) VALUES (31, 31, 'http://localhost:4000/api/public/sprites/31-front.png', 'http://localhost:4000/api/public/sprites/31-back.png');
INSERT INTO sprite (id, pokemon_id, front, back) VALUES (32, 32, 'http://localhost:4000/api/public/sprites/32-front.png', 'http://localhost:4000/api/public/sprites/32-back.png');
INSERT INTO sprite (id, pokemon_id, front, back) VALUES (33, 33, 'http://localhost:4000/api/public/sprites/33-front.png', 'http://localhost:4000/api/public/sprites/33-back.png');
INSERT INTO sprite (id, pokemon_id, front, back) VALUES (34, 34, 'http://localhost:4000/api/public/sprites/34-front.png', 'http://localhost:4000/api/public/sprites/34-back.png');
INSERT INTO sprite (id, pokemon_id, front, back) VALUES (35, 35, 'http://localhost:4000/api/public/sprites/35-front.png', 'http://localhost:4000/api/public/sprites/35-back.png');
INSERT INTO sprite (id, pokemon_id, front, back) VALUES (36, 36, 'http://localhost:4000/api/public/sprites/36-front.png', 'http://localhost:4000/api/public/sprites/36-back.png');
INSERT INTO sprite (id, pokemon_id, front, back) VALUES (37, 37, 'http://localhost:4000/api/public/sprites/37-front.png', 'http://localhost:4000/api/public/sprites/37-back.png');
INSERT INTO sprite (id, pokemon_id, front, back) VALUES (38, 38, 'http://localhost:4000/api/public/sprites/38-front.png', 'http://localhost:4000/api/public/sprites/38-back.png');
INSERT INTO sprite (id, pokemon_id, front, back) VALUES (39, 39, 'http://localhost:4000/api/public/sprites/39-front.png', 'http://localhost:4000/api/public/sprites/39-back.png');
INSERT INTO sprite (id, pokemon_id, front, back) VALUES (40, 40, 'http://localhost:4000/api/public/sprites/40-front.png', 'http://localhost:4000/api/public/sprites/40-back.png');
INSERT INTO sprite (id, pokemon_id, front, back) VALUES (41, 41, 'http://localhost:4000/api/public/sprites/41-front.png', 'http://localhost:4000/api/public/sprites/41-back.png');
INSERT INTO sprite (id, pokemon_id, front, back) VALUES (42, 42, 'http://localhost:4000/api/public/sprites/42-front.png', 'http://localhost:4000/api/public/sprites/42-back.png');
INSERT INTO sprite (id, pokemon_id, front, back) VALUES (43, 43, 'http://localhost:4000/api/public/sprites/43-front.png', 'http://localhost:4000/api/public/sprites/43-back.png');
INSERT INTO sprite (id, pokemon_id, front, back) VALUES (44, 44, 'http://localhost:4000/api/public/sprites/44-front.png', 'http://localhost:4000/api/public/sprites/44-back.png');
INSERT INTO sprite (id, pokemon_id, front, back) VALUES (45, 45, 'http://localhost:4000/api/public/sprites/45-front.png', 'http://localhost:4000/api/public/sprites/45-back.png');
INSERT INTO sprite (id, pokemon_id, front, back) VALUES (46, 46, 'http://localhost:4000/api/public/sprites/46-front.png', 'http://localhost:4000/api/public/sprites/46-back.png');
INSERT INTO sprite (id, pokemon_id, front, back) VALUES (47, 47, 'http://localhost:4000/api/public/sprites/47-front.png', 'http://localhost:4000/api/public/sprites/47-back.png');
INSERT INTO sprite (id, pokemon_id, front, back) VALUES (48, 48, 'http://localhost:4000/api/public/sprites/48-front.png', 'http://localhost:4000/api/public/sprites/48-back.png');
INSERT INTO sprite (id, pokemon_id, front, back) VALUES (49, 49, 'http://localhost:4000/api/public/sprites/49-front.png', 'http://localhost:4000/api/public/sprites/49-back.png');
INSERT INTO sprite (id, pokemon_id, front, back) VALUES (50, 50, 'http://localhost:4000/api/public/sprites/50-front.png', 'http://localhost:4000/api/public/sprites/50-back.png');
INSERT INTO sprite (id, pokemon_id, front, back) VALUES (51, 51, 'http://localhost:4000/api/public/sprites/51-front.png', 'http://localhost:4000/api/public/sprites/51-back.png');
INSERT INTO sprite (id, pokemon_id, front, back) VALUES (52, 52, 'http://localhost:4000/api/public/sprites/52-front.png', 'http://localhost:4000/api/public/sprites/52-back.png');
INSERT INTO sprite (id, pokemon_id, front, back) VALUES (53, 53, 'http://localhost:4000/api/public/sprites/53-front.png', 'http://localhost:4000/api/public/sprites/53-back.png');
INSERT INTO sprite (id, pokemon_id, front, back) VALUES (54, 54, 'http://localhost:4000/api/public/sprites/54-front.png', 'http://localhost:4000/api/public/sprites/54-back.png');
INSERT INTO sprite (id, pokemon_id, front, back) VALUES (55, 55, 'http://localhost:4000/api/public/sprites/55-front.png', 'http://localhost:4000/api/public/sprites/55-back.png');
INSERT INTO sprite (id, pokemon_id, front, back) VALUES (56, 56, 'http://localhost:4000/api/public/sprites/56-front.png', 'http://localhost:4000/api/public/sprites/56-back.png');
INSERT INTO sprite (id, pokemon_id, front, back) VALUES (57, 57, 'http://localhost:4000/api/public/sprites/57-front.png', 'http://localhost:4000/api/public/sprites/57-back.png');
INSERT INTO sprite (id, pokemon_id, front, back) VALUES (58, 58, 'http://localhost:4000/api/public/sprites/58-front.png', 'http://localhost:4000/api/public/sprites/58-back.png');
INSERT INTO sprite (id, pokemon_id, front, back) VALUES (59, 59, 'http://localhost:4000/api/public/sprites/59-front.png', 'http://localhost:4000/api/public/sprites/59-back.png');
INSERT INTO sprite (id, pokemon_id, front, back) VALUES (60, 60, 'http://localhost:4000/api/public/sprites/60-front.png', 'http://localhost:4000/api/public/sprites/60-back.png');
INSERT INTO sprite (id, pokemon_id, front, back) VALUES (61, 61, 'http://localhost:4000/api/public/sprites/61-front.png', 'http://localhost:4000/api/public/sprites/61-back.png');
INSERT INTO sprite (id, pokemon_id, front, back) VALUES (62, 62, 'http://localhost:4000/api/public/sprites/62-front.png', 'http://localhost:4000/api/public/sprites/62-back.png');
INSERT INTO sprite (id, pokemon_id, front, back) VALUES (63, 63, 'http://localhost:4000/api/public/sprites/63-front.png', 'http://localhost:4000/api/public/sprites/63-back.png');
INSERT INTO sprite (id, pokemon_id, front, back) VALUES (64, 64, 'http://localhost:4000/api/public/sprites/64-front.png', 'http://localhost:4000/api/public/sprites/64-back.png');
INSERT INTO sprite (id, pokemon_id, front, back) VALUES (65, 65, 'http://localhost:4000/api/public/sprites/65-front.png', 'http://localhost:4000/api/public/sprites/65-back.png');
INSERT INTO sprite (id, pokemon_id, front, back) VALUES (66, 66, 'http://localhost:4000/api/public/sprites/66-front.png', 'http://localhost:4000/api/public/sprites/66-back.png');
INSERT INTO sprite (id, pokemon_id, front, back) VALUES (67, 67, 'http://localhost:4000/api/public/sprites/67-front.png', 'http://localhost:4000/api/public/sprites/67-back.png');
INSERT INTO sprite (id, pokemon_id, front, back) VALUES (68, 68, 'http://localhost:4000/api/public/sprites/68-front.png', 'http://localhost:4000/api/public/sprites/68-back.png');
INSERT INTO sprite (id, pokemon_id, front, back) VALUES (69, 69, 'http://localhost:4000/api/public/sprites/69-front.png', 'http://localhost:4000/api/public/sprites/69-back.png');
INSERT INTO sprite (id, pokemon_id, front, back) VALUES (70, 70, 'http://localhost:4000/api/public/sprites/70-front.png', 'http://localhost:4000/api/public/sprites/70-back.png');
INSERT INTO sprite (id, pokemon_id, front, back) VALUES (71, 71, 'http://localhost:4000/api/public/sprites/71-front.png', 'http://localhost:4000/api/public/sprites/71-back.png');
INSERT INTO sprite (id, pokemon_id, front, back) VALUES (72, 72, 'http://localhost:4000/api/public/sprites/72-front.png', 'http://localhost:4000/api/public/sprites/72-back.png');
INSERT INTO sprite (id, pokemon_id, front, back) VALUES (73, 73, 'http://localhost:4000/api/public/sprites/73-front.png', 'http://localhost:4000/api/public/sprites/73-back.png');
INSERT INTO sprite (id, pokemon_id, front, back) VALUES (74, 74, 'http://localhost:4000/api/public/sprites/74-front.png', 'http://localhost:4000/api/public/sprites/74-back.png');
INSERT INTO sprite (id, pokemon_id, front, back) VALUES (75, 75, 'http://localhost:4000/api/public/sprites/75-front.png', 'http://localhost:4000/api/public/sprites/75-back.png');
INSERT INTO sprite (id, pokemon_id, front, back) VALUES (76, 76, 'http://localhost:4000/api/public/sprites/76-front.png', 'http://localhost:4000/api/public/sprites/76-back.png');
INSERT INTO sprite (id, pokemon_id, front, back) VALUES (77, 77, 'http://localhost:4000/api/public/sprites/77-front.png', 'http://localhost:4000/api/public/sprites/77-back.png');
INSERT INTO sprite (id, pokemon_id, front, back) VALUES (78, 78, 'http://localhost:4000/api/public/sprites/78-front.png', 'http://localhost:4000/api/public/sprites/78-back.png');
INSERT INTO sprite (id, pokemon_id, front, back) VALUES (79, 79, 'http://localhost:4000/api/public/sprites/79-front.png', 'http://localhost:4000/api/public/sprites/79-back.png');
INSERT INTO sprite (id, pokemon_id, front, back) VALUES (80, 80, 'http://localhost:4000/api/public/sprites/80-front.png', 'http://localhost:4000/api/public/sprites/80-back.png');
INSERT INTO sprite (id, pokemon_id, front, back) VALUES (81, 81, 'http://localhost:4000/api/public/sprites/81-front.png', 'http://localhost:4000/api/public/sprites/81-back.png');
INSERT INTO sprite (id, pokemon_id, front, back) VALUES (82, 82, 'http://localhost:4000/api/public/sprites/82-front.png', 'http://localhost:4000/api/public/sprites/82-back.png');
INSERT INTO sprite (id, pokemon_id, front, back) VALUES (83, 83, 'http://localhost:4000/api/public/sprites/83-front.png', 'http://localhost:4000/api/public/sprites/83-back.png');
INSERT INTO sprite (id, pokemon_id, front, back) VALUES (84, 84, 'http://localhost:4000/api/public/sprites/84-front.png', 'http://localhost:4000/api/public/sprites/84-back.png');
INSERT INTO sprite (id, pokemon_id, front, back) VALUES (85, 85, 'http://localhost:4000/api/public/sprites/85-front.png', 'http://localhost:4000/api/public/sprites/85-back.png');
INSERT INTO sprite (id, pokemon_id, front, back) VALUES (86, 86, 'http://localhost:4000/api/public/sprites/86-front.png', 'http://localhost:4000/api/public/sprites/86-back.png');
INSERT INTO sprite (id, pokemon_id, front, back) VALUES (87, 87, 'http://localhost:4000/api/public/sprites/87-front.png', 'http://localhost:4000/api/public/sprites/87-back.png');
INSERT INTO sprite (id, pokemon_id, front, back) VALUES (88, 88, 'http://localhost:4000/api/public/sprites/88-front.png', 'http://localhost:4000/api/public/sprites/88-back.png');
INSERT INTO sprite (id, pokemon_id, front, back) VALUES (89, 89, 'http://localhost:4000/api/public/sprites/89-front.png', 'http://localhost:4000/api/public/sprites/89-back.png');
INSERT INTO sprite (id, pokemon_id, front, back) VALUES (90, 90, 'http://localhost:4000/api/public/sprites/90-front.png', 'http://localhost:4000/api/public/sprites/90-back.png');
INSERT INTO sprite (id, pokemon_id, front, back) VALUES (91, 91, 'http://localhost:4000/api/public/sprites/91-front.png', 'http://localhost:4000/api/public/sprites/91-back.png');
INSERT INTO sprite (id, pokemon_id, front, back) VALUES (92, 92, 'http://localhost:4000/api/public/sprites/92-front.png', 'http://localhost:4000/api/public/sprites/92-back.png');
INSERT INTO sprite (id, pokemon_id, front, back) VALUES (93, 93, 'http://localhost:4000/api/public/sprites/93-front.png', 'http://localhost:4000/api/public/sprites/93-back.png');
INSERT INTO sprite (id, pokemon_id, front, back) VALUES (94, 94, 'http://localhost:4000/api/public/sprites/94-front.png', 'http://localhost:4000/api/public/sprites/94-back.png');
INSERT INTO sprite (id, pokemon_id, front, back) VALUES (95, 95, 'http://localhost:4000/api/public/sprites/95-front.png', 'http://localhost:4000/api/public/sprites/95-back.png');
INSERT INTO sprite (id, pokemon_id, front, back) VALUES (96, 96, 'http://localhost:4000/api/public/sprites/96-front.png', 'http://localhost:4000/api/public/sprites/96-back.png');
INSERT INTO sprite (id, pokemon_id, front, back) VALUES (97, 97, 'http://localhost:4000/api/public/sprites/97-front.png', 'http://localhost:4000/api/public/sprites/97-back.png');
INSERT INTO sprite (id, pokemon_id, front, back) VALUES (98, 98, 'http://localhost:4000/api/public/sprites/98-front.png', 'http://localhost:4000/api/public/sprites/98-back.png');
INSERT INTO sprite (id, pokemon_id, front, back) VALUES (99, 99, 'http://localhost:4000/api/public/sprites/99-front.png', 'http://localhost:4000/api/public/sprites/99-back.png');
INSERT INTO sprite (id, pokemon_id, front, back) VALUES (100, 100, 'http://localhost:4000/api/public/sprites/100-front.png', 'http://localhost:4000/api/public/sprites/100-back.png');
INSERT INTO sprite (id, pokemon_id, front, back) VALUES (101, 101, 'http://localhost:4000/api/public/sprites/101-front.png', 'http://localhost:4000/api/public/sprites/101-back.png');
INSERT INTO sprite (id, pokemon_id, front, back) VALUES (102, 102, 'http://localhost:4000/api/public/sprites/102-front.png', 'http://localhost:4000/api/public/sprites/102-back.png');
INSERT INTO sprite (id, pokemon_id, front, back) VALUES (103, 103, 'http://localhost:4000/api/public/sprites/103-front.png', 'http://localhost:4000/api/public/sprites/103-back.png');
INSERT INTO sprite (id, pokemon_id, front, back) VALUES (104, 104, 'http://localhost:4000/api/public/sprites/104-front.png', 'http://localhost:4000/api/public/sprites/104-back.png');
INSERT INTO sprite (id, pokemon_id, front, back) VALUES (105, 105, 'http://localhost:4000/api/public/sprites/105-front.png', 'http://localhost:4000/api/public/sprites/105-back.png');
INSERT INTO sprite (id, pokemon_id, front, back) VALUES (106, 106, 'http://localhost:4000/api/public/sprites/106-front.png', 'http://localhost:4000/api/public/sprites/106-back.png');
INSERT INTO sprite (id, pokemon_id, front, back) VALUES (107, 107, 'http://localhost:4000/api/public/sprites/107-front.png', 'http://localhost:4000/api/public/sprites/107-back.png');
INSERT INTO sprite (id, pokemon_id, front, back) VALUES (108, 108, 'http://localhost:4000/api/public/sprites/108-front.png', 'http://localhost:4000/api/public/sprites/108-back.png');
INSERT INTO sprite (id, pokemon_id, front, back) VALUES (109, 109, 'http://localhost:4000/api/public/sprites/109-front.png', 'http://localhost:4000/api/public/sprites/109-back.png');
INSERT INTO sprite (id, pokemon_id, front, back) VALUES (110, 110, 'http://localhost:4000/api/public/sprites/110-front.png', 'http://localhost:4000/api/public/sprites/110-back.png');
INSERT INTO sprite (id, pokemon_id, front, back) VALUES (111, 111, 'http://localhost:4000/api/public/sprites/111-front.png', 'http://localhost:4000/api/public/sprites/111-back.png');
INSERT INTO sprite (id, pokemon_id, front, back) VALUES (112, 112, 'http://localhost:4000/api/public/sprites/112-front.png', 'http://localhost:4000/api/public/sprites/112-back.png');
INSERT INTO sprite (id, pokemon_id, front, back) VALUES (113, 113, 'http://localhost:4000/api/public/sprites/113-front.png', 'http://localhost:4000/api/public/sprites/113-back.png');
INSERT INTO sprite (id, pokemon_id, front, back) VALUES (114, 114, 'http://localhost:4000/api/public/sprites/114-front.png', 'http://localhost:4000/api/public/sprites/114-back.png');
INSERT INTO sprite (id, pokemon_id, front, back) VALUES (115, 115, 'http://localhost:4000/api/public/sprites/115-front.png', 'http://localhost:4000/api/public/sprites/115-back.png');
INSERT INTO sprite (id, pokemon_id, front, back) VALUES (116, 116, 'http://localhost:4000/api/public/sprites/116-front.png', 'http://localhost:4000/api/public/sprites/116-back.png');
INSERT INTO sprite (id, pokemon_id, front, back) VALUES (117, 117, 'http://localhost:4000/api/public/sprites/117-front.png', 'http://localhost:4000/api/public/sprites/117-back.png');
INSERT INTO sprite (id, pokemon_id, front, back) VALUES (118, 118, 'http://localhost:4000/api/public/sprites/118-front.png', 'http://localhost:4000/api/public/sprites/118-back.png');
INSERT INTO sprite (id, pokemon_id, front, back) VALUES (119, 119, 'http://localhost:4000/api/public/sprites/119-front.png', 'http://localhost:4000/api/public/sprites/119-back.png');
INSERT INTO sprite (id, pokemon_id, front, back) VALUES (120, 120, 'http://localhost:4000/api/public/sprites/120-front.png', 'http://localhost:4000/api/public/sprites/120-back.png');
INSERT INTO sprite (id, pokemon_id, front, back) VALUES (121, 121, 'http://localhost:4000/api/public/sprites/121-front.png', 'http://localhost:4000/api/public/sprites/121-back.png');
INSERT INTO sprite (id, pokemon_id, front, back) VALUES (122, 122, 'http://localhost:4000/api/public/sprites/122-front.png', 'http://localhost:4000/api/public/sprites/122-back.png');
INSERT INTO sprite (id, pokemon_id, front, back) VALUES (123, 123, 'http://localhost:4000/api/public/sprites/123-front.png', 'http://localhost:4000/api/public/sprites/123-back.png');
INSERT INTO sprite (id, pokemon_id, front, back) VALUES (124, 124, 'http://localhost:4000/api/public/sprites/124-front.png', 'http://localhost:4000/api/public/sprites/124-back.png');
INSERT INTO sprite (id, pokemon_id, front, back) VALUES (125, 125, 'http://localhost:4000/api/public/sprites/125-front.png', 'http://localhost:4000/api/public/sprites/125-back.png');
INSERT INTO sprite (id, pokemon_id, front, back) VALUES (126, 126, 'http://localhost:4000/api/public/sprites/126-front.png', 'http://localhost:4000/api/public/sprites/126-back.png');
INSERT INTO sprite (id, pokemon_id, front, back) VALUES (127, 127, 'http://localhost:4000/api/public/sprites/127-front.png', 'http://localhost:4000/api/public/sprites/127-back.png');
INSERT INTO sprite (id, pokemon_id, front, back) VALUES (128, 128, 'http://localhost:4000/api/public/sprites/128-front.png', 'http://localhost:4000/api/public/sprites/128-back.png');
INSERT INTO sprite (id, pokemon_id, front, back) VALUES (129, 129, 'http://localhost:4000/api/public/sprites/129-front.png', 'http://localhost:4000/api/public/sprites/129-back.png');
INSERT INTO sprite (id, pokemon_id, front, back) VALUES (130, 130, 'http://localhost:4000/api/public/sprites/130-front.png', 'http://localhost:4000/api/public/sprites/130-back.png');
INSERT INTO sprite (id, pokemon_id, front, back) VALUES (131, 131, 'http://localhost:4000/api/public/sprites/131-front.png', 'http://localhost:4000/api/public/sprites/131-back.png');
INSERT INTO sprite (id, pokemon_id, front, back) VALUES (132, 132, 'http://localhost:4000/api/public/sprites/132-front.png', 'http://localhost:4000/api/public/sprites/132-back.png');
INSERT INTO sprite (id, pokemon_id, front, back) VALUES (133, 133, 'http://localhost:4000/api/public/sprites/133-front.png', 'http://localhost:4000/api/public/sprites/133-back.png');
INSERT INTO sprite (id, pokemon_id, front, back) VALUES (134, 134, 'http://localhost:4000/api/public/sprites/134-front.png', 'http://localhost:4000/api/public/sprites/134-back.png');
INSERT INTO sprite (id, pokemon_id, front, back) VALUES (135, 135, 'http://localhost:4000/api/public/sprites/135-front.png', 'http://localhost:4000/api/public/sprites/135-back.png');
INSERT INTO sprite (id, pokemon_id, front, back) VALUES (136, 136, 'http://localhost:4000/api/public/sprites/136-front.png', 'http://localhost:4000/api/public/sprites/136-back.png');
INSERT INTO sprite (id, pokemon_id, front, back) VALUES (137, 137, 'http://localhost:4000/api/public/sprites/137-front.png', 'http://localhost:4000/api/public/sprites/137-back.png');
INSERT INTO sprite (id, pokemon_id, front, back) VALUES (138, 138, 'http://localhost:4000/api/public/sprites/138-front.png', 'http://localhost:4000/api/public/sprites/138-back.png');
INSERT INTO sprite (id, pokemon_id, front, back) VALUES (139, 139, 'http://localhost:4000/api/public/sprites/139-front.png', 'http://localhost:4000/api/public/sprites/139-back.png');
INSERT INTO sprite (id, pokemon_id, front, back) VALUES (140, 140, 'http://localhost:4000/api/public/sprites/140-front.png', 'http://localhost:4000/api/public/sprites/140-back.png');
INSERT INTO sprite (id, pokemon_id, front, back) VALUES (141, 141, 'http://localhost:4000/api/public/sprites/141-front.png', 'http://localhost:4000/api/public/sprites/141-back.png');
INSERT INTO sprite (id, pokemon_id, front, back) VALUES (142, 142, 'http://localhost:4000/api/public/sprites/142-front.png', 'http://localhost:4000/api/public/sprites/142-back.png');
INSERT INTO sprite (id, pokemon_id, front, back) VALUES (143, 143, 'http://localhost:4000/api/public/sprites/143-front.png', 'http://localhost:4000/api/public/sprites/143-back.png');
INSERT INTO sprite (id, pokemon_id, front, back) VALUES (144, 144, 'http://localhost:4000/api/public/sprites/144-front.png', 'http://localhost:4000/api/public/sprites/144-back.png');
INSERT INTO sprite (id, pokemon_id, front, back) VALUES (145, 145, 'http://localhost:4000/api/public/sprites/145-front.png', 'http://localhost:4000/api/public/sprites/145-back.png');
INSERT INTO sprite (id, pokemon_id, front, back) VALUES (146, 146, 'http://localhost:4000/api/public/sprites/146-front.png', 'http://localhost:4000/api/public/sprites/146-back.png');
INSERT INTO sprite (id, pokemon_id, front, back) VALUES (147, 147, 'http://localhost:4000/api/public/sprites/147-front.png', 'http://localhost:4000/api/public/sprites/147-back.png');
INSERT INTO sprite (id, pokemon_id, front, back) VALUES (148, 148, 'http://localhost:4000/api/public/sprites/148-front.png', 'http://localhost:4000/api/public/sprites/148-back.png');
INSERT INTO sprite (id, pokemon_id, front, back) VALUES (149, 149, 'http://localhost:4000/api/public/sprites/149-front.png', 'http://localhost:4000/api/public/sprites/149-back.png');
INSERT INTO sprite (id, pokemon_id, front, back) VALUES (150, 150, 'http://localhost:4000/api/public/sprites/150-front.png', 'http://localhost:4000/api/public/sprites/150-back.png');

INSERT INTO stat (id, name) VALUES (1, 'hp');
INSERT INTO stat (id, name) VALUES (2, 'attack');
INSERT INTO stat (id, name) VALUES (3, 'defense');
INSERT INTO stat (id, name) VALUES (4, 'special-attack');
INSERT INTO stat (id, name) VALUES (5, 'special-defense');
INSERT INTO stat (id, name) VALUES (6, 'speed');

INSERT INTO pokemon_stat (id, pokemon_id, stat_id, value) VALUES (1, 1, 1, 45);
INSERT INTO pokemon_stat (id, pokemon_id, stat_id, value) VALUES (2, 1, 2, 49);
INSERT INTO pokemon_stat (id, pokemon_id, stat_id, value) VALUES (3, 1, 3, 49);
INSERT INTO pokemon_stat (id, pokemon_id, stat_id, value) VALUES (4, 1, 4, 65);
INSERT INTO pokemon_stat (id, pokemon_id, stat_id, value) VALUES (5, 1, 5, 65);
INSERT INTO pokemon_stat (id, pokemon_id, stat_id, value) VALUES (6, 1, 6, 45);
INSERT INTO pokemon_stat (id, pokemon_id, stat_id, value) VALUES (7, 2, 1, 60);
INSERT INTO pokemon_stat (id, pokemon_id, stat_id, value) VALUES (8, 2, 2, 62);
INSERT INTO pokemon_stat (id, pokemon_id, stat_id, value) VALUES (9, 2, 3, 63);
INSERT INTO pokemon_stat (id, pokemon_id, stat_id, value) VALUES (10, 2, 4, 80);
INSERT INTO pokemon_stat (id, pokemon_id, stat_id, value) VALUES (11, 2, 5, 80);
INSERT INTO pokemon_stat (id, pokemon_id, stat_id, value) VALUES (12, 2, 6, 60);
INSERT INTO pokemon_stat (id, pokemon_id, stat_id, value) VALUES (13, 3, 1, 80);
INSERT INTO pokemon_stat (id, pokemon_id, stat_id, value) VALUES (14, 3, 2, 82);
INSERT INTO pokemon_stat (id, pokemon_id, stat_id, value) VALUES (15, 3, 3, 83);
INSERT INTO pokemon_stat (id, pokemon_id, stat_id, value) VALUES (16, 3, 4, 100);
INSERT INTO pokemon_stat (id, pokemon_id, stat_id, value) VALUES (17, 3, 5, 100);
INSERT INTO pokemon_stat (id, pokemon_id, stat_id, value) VALUES (18, 3, 6, 80);
INSERT INTO pokemon_stat (id, pokemon_id, stat_id, value) VALUES (19, 4, 1, 39);
INSERT INTO pokemon_stat (id, pokemon_id, stat_id, value) VALUES (20, 4, 2, 52);
INSERT INTO pokemon_stat (id, pokemon_id, stat_id, value) VALUES (21, 4, 3, 43);
INSERT INTO pokemon_stat (id, pokemon_id, stat_id, value) VALUES (22, 4, 4, 60);
INSERT INTO pokemon_stat (id, pokemon_id, stat_id, value) VALUES (23, 4, 5, 50);
INSERT INTO pokemon_stat (id, pokemon_id, stat_id, value) VALUES (24, 4, 6, 65);
INSERT INTO pokemon_stat (id, pokemon_id, stat_id, value) VALUES (25, 5, 1, 58);
INSERT INTO pokemon_stat (id, pokemon_id, stat_id, value) VALUES (26, 5, 2, 64);
INSERT INTO pokemon_stat (id, pokemon_id, stat_id, value) VALUES (27, 5, 3, 58);
INSERT INTO pokemon_stat (id, pokemon_id, stat_id, value) VALUES (28, 5, 4, 80);
INSERT INTO pokemon_stat (id, pokemon_id, stat_id, value) VALUES (29, 5, 5, 65);
INSERT INTO pokemon_stat (id, pokemon_id, stat_id, value) VALUES (30, 5, 6, 80);
INSERT INTO pokemon_stat (id, pokemon_id, stat_id, value) VALUES (31, 6, 1, 78);
INSERT INTO pokemon_stat (id, pokemon_id, stat_id, value) VALUES (32, 6, 2, 84);
INSERT INTO pokemon_stat (id, pokemon_id, stat_id, value) VALUES (33, 6, 3, 78);
INSERT INTO pokemon_stat (id, pokemon_id, stat_id, value) VALUES (34, 6, 4, 109);
INSERT INTO pokemon_stat (id, pokemon_id, stat_id, value) VALUES (35, 6, 5, 85);
INSERT INTO pokemon_stat (id, pokemon_id, stat_id, value) VALUES (36, 6, 6, 100);
INSERT INTO pokemon_stat (id, pokemon_id, stat_id, value) VALUES (37, 7, 1, 44);
INSERT INTO pokemon_stat (id, pokemon_id, stat_id, value) VALUES (38, 7, 2, 48);
INSERT INTO pokemon_stat (id, pokemon_id, stat_id, value) VALUES (39, 7, 3, 65);
INSERT INTO pokemon_stat (id, pokemon_id, stat_id, value) VALUES (40, 7, 4, 50);
INSERT INTO pokemon_stat (id, pokemon_id, stat_id, value) VALUES (41, 7, 5, 64);
INSERT INTO pokemon_stat (id, pokemon_id, stat_id, value) VALUES (42, 7, 6, 43);
INSERT INTO pokemon_stat (id, pokemon_id, stat_id, value) VALUES (43, 8, 1, 59);
INSERT INTO pokemon_stat (id, pokemon_id, stat_id, value) VALUES (44, 8, 2, 63);
INSERT INTO pokemon_stat (id, pokemon_id, stat_id, value) VALUES (45, 8, 3, 80);
INSERT INTO pokemon_stat (id, pokemon_id, stat_id, value) VALUES (46, 8, 4, 65);
INSERT INTO pokemon_stat (id, pokemon_id, stat_id, value) VALUES (47, 8, 5, 80);
INSERT INTO pokemon_stat (id, pokemon_id, stat_id, value) VALUES (48, 8, 6, 58);
INSERT INTO pokemon_stat (id, pokemon_id, stat_id, value) VALUES (49, 9, 1, 79);
INSERT INTO pokemon_stat (id, pokemon_id, stat_id, value) VALUES (50, 9, 2, 83);
INSERT INTO pokemon_stat (id, pokemon_id, stat_id, value) VALUES (51, 9, 3, 100);
INSERT INTO pokemon_stat (id, pokemon_id, stat_id, value) VALUES (52, 9, 4, 85);
INSERT INTO pokemon_stat (id, pokemon_id, stat_id, value) VALUES (53, 9, 5, 105);
INSERT INTO pokemon_stat (id, pokemon_id, stat_id, value) VALUES (54, 9, 6, 78);
INSERT INTO pokemon_stat (id, pokemon_id, stat_id, value) VALUES (55, 10, 1, 45);
INSERT INTO pokemon_stat (id, pokemon_id, stat_id, value) VALUES (56, 10, 2, 30);
INSERT INTO pokemon_stat (id, pokemon_id, stat_id, value) VALUES (57, 10, 3, 35);
INSERT INTO pokemon_stat (id, pokemon_id, stat_id, value) VALUES (58, 10, 4, 20);
INSERT INTO pokemon_stat (id, pokemon_id, stat_id, value) VALUES (59, 10, 5, 20);
INSERT INTO pokemon_stat (id, pokemon_id, stat_id, value) VALUES (60, 10, 6, 45);
INSERT INTO pokemon_stat (id, pokemon_id, stat_id, value) VALUES (61, 11, 1, 50);
INSERT INTO pokemon_stat (id, pokemon_id, stat_id, value) VALUES (62, 11, 2, 20);
INSERT INTO pokemon_stat (id, pokemon_id, stat_id, value) VALUES (63, 11, 3, 55);
INSERT INTO pokemon_stat (id, pokemon_id, stat_id, value) VALUES (64, 11, 4, 25);
INSERT INTO pokemon_stat (id, pokemon_id, stat_id, value) VALUES (65, 11, 5, 25);
INSERT INTO pokemon_stat (id, pokemon_id, stat_id, value) VALUES (66, 11, 6, 30);
INSERT INTO pokemon_stat (id, pokemon_id, stat_id, value) VALUES (67, 12, 1, 60);
INSERT INTO pokemon_stat (id, pokemon_id, stat_id, value) VALUES (68, 12, 2, 45);
INSERT INTO pokemon_stat (id, pokemon_id, stat_id, value) VALUES (69, 12, 3, 50);
INSERT INTO pokemon_stat (id, pokemon_id, stat_id, value) VALUES (70, 12, 4, 90);
INSERT INTO pokemon_stat (id, pokemon_id, stat_id, value) VALUES (71, 12, 5, 80);
INSERT INTO pokemon_stat (id, pokemon_id, stat_id, value) VALUES (72, 12, 6, 70);
INSERT INTO pokemon_stat (id, pokemon_id, stat_id, value) VALUES (73, 13, 1, 40);
INSERT INTO pokemon_stat (id, pokemon_id, stat_id, value) VALUES (74, 13, 2, 35);
INSERT INTO pokemon_stat (id, pokemon_id, stat_id, value) VALUES (75, 13, 3, 30);
INSERT INTO pokemon_stat (id, pokemon_id, stat_id, value) VALUES (76, 13, 4, 20);
INSERT INTO pokemon_stat (id, pokemon_id, stat_id, value) VALUES (77, 13, 5, 20);
INSERT INTO pokemon_stat (id, pokemon_id, stat_id, value) VALUES (78, 13, 6, 50);
INSERT INTO pokemon_stat (id, pokemon_id, stat_id, value) VALUES (79, 14, 1, 45);
INSERT INTO pokemon_stat (id, pokemon_id, stat_id, value) VALUES (80, 14, 2, 25);
INSERT INTO pokemon_stat (id, pokemon_id, stat_id, value) VALUES (81, 14, 3, 50);
INSERT INTO pokemon_stat (id, pokemon_id, stat_id, value) VALUES (82, 14, 4, 25);
INSERT INTO pokemon_stat (id, pokemon_id, stat_id, value) VALUES (83, 14, 5, 25);
INSERT INTO pokemon_stat (id, pokemon_id, stat_id, value) VALUES (84, 14, 6, 35);
INSERT INTO pokemon_stat (id, pokemon_id, stat_id, value) VALUES (85, 15, 1, 65);
INSERT INTO pokemon_stat (id, pokemon_id, stat_id, value) VALUES (86, 15, 2, 90);
INSERT INTO pokemon_stat (id, pokemon_id, stat_id, value) VALUES (87, 15, 3, 40);
INSERT INTO pokemon_stat (id, pokemon_id, stat_id, value) VALUES (88, 15, 4, 45);
INSERT INTO pokemon_stat (id, pokemon_id, stat_id, value) VALUES (89, 15, 5, 80);
INSERT INTO pokemon_stat (id, pokemon_id, stat_id, value) VALUES (90, 15, 6, 75);
INSERT INTO pokemon_stat (id, pokemon_id, stat_id, value) VALUES (91, 16, 1, 40);
INSERT INTO pokemon_stat (id, pokemon_id, stat_id, value) VALUES (92, 16, 2, 45);
INSERT INTO pokemon_stat (id, pokemon_id, stat_id, value) VALUES (93, 16, 3, 40);
INSERT INTO pokemon_stat (id, pokemon_id, stat_id, value) VALUES (94, 16, 4, 35);
INSERT INTO pokemon_stat (id, pokemon_id, stat_id, value) VALUES (95, 16, 5, 35);
INSERT INTO pokemon_stat (id, pokemon_id, stat_id, value) VALUES (96, 16, 6, 56);
INSERT INTO pokemon_stat (id, pokemon_id, stat_id, value) VALUES (97, 17, 1, 63);
INSERT INTO pokemon_stat (id, pokemon_id, stat_id, value) VALUES (98, 17, 2, 60);
INSERT INTO pokemon_stat (id, pokemon_id, stat_id, value) VALUES (99, 17, 3, 55);
INSERT INTO pokemon_stat (id, pokemon_id, stat_id, value) VALUES (100, 17, 4, 50);
INSERT INTO pokemon_stat (id, pokemon_id, stat_id, value) VALUES (101, 17, 5, 50);
INSERT INTO pokemon_stat (id, pokemon_id, stat_id, value) VALUES (102, 17, 6, 71);
INSERT INTO pokemon_stat (id, pokemon_id, stat_id, value) VALUES (103, 18, 1, 83);
INSERT INTO pokemon_stat (id, pokemon_id, stat_id, value) VALUES (104, 18, 2, 80);
INSERT INTO pokemon_stat (id, pokemon_id, stat_id, value) VALUES (105, 18, 3, 75);
INSERT INTO pokemon_stat (id, pokemon_id, stat_id, value) VALUES (106, 18, 4, 70);
INSERT INTO pokemon_stat (id, pokemon_id, stat_id, value) VALUES (107, 18, 5, 70);
INSERT INTO pokemon_stat (id, pokemon_id, stat_id, value) VALUES (108, 18, 6, 101);
INSERT INTO pokemon_stat (id, pokemon_id, stat_id, value) VALUES (109, 19, 1, 30);
INSERT INTO pokemon_stat (id, pokemon_id, stat_id, value) VALUES (110, 19, 2, 56);
INSERT INTO pokemon_stat (id, pokemon_id, stat_id, value) VALUES (111, 19, 3, 35);
INSERT INTO pokemon_stat (id, pokemon_id, stat_id, value) VALUES (112, 19, 4, 25);
INSERT INTO pokemon_stat (id, pokemon_id, stat_id, value) VALUES (113, 19, 5, 35);
INSERT INTO pokemon_stat (id, pokemon_id, stat_id, value) VALUES (114, 19, 6, 72);
INSERT INTO pokemon_stat (id, pokemon_id, stat_id, value) VALUES (115, 20, 1, 55);
INSERT INTO pokemon_stat (id, pokemon_id, stat_id, value) VALUES (116, 20, 2, 81);
INSERT INTO pokemon_stat (id, pokemon_id, stat_id, value) VALUES (117, 20, 3, 60);
INSERT INTO pokemon_stat (id, pokemon_id, stat_id, value) VALUES (118, 20, 4, 50);
INSERT INTO pokemon_stat (id, pokemon_id, stat_id, value) VALUES (119, 20, 5, 70);
INSERT INTO pokemon_stat (id, pokemon_id, stat_id, value) VALUES (120, 20, 6, 97);
INSERT INTO pokemon_stat (id, pokemon_id, stat_id, value) VALUES (121, 21, 1, 40);
INSERT INTO pokemon_stat (id, pokemon_id, stat_id, value) VALUES (122, 21, 2, 60);
INSERT INTO pokemon_stat (id, pokemon_id, stat_id, value) VALUES (123, 21, 3, 30);
INSERT INTO pokemon_stat (id, pokemon_id, stat_id, value) VALUES (124, 21, 4, 31);
INSERT INTO pokemon_stat (id, pokemon_id, stat_id, value) VALUES (125, 21, 5, 31);
INSERT INTO pokemon_stat (id, pokemon_id, stat_id, value) VALUES (126, 21, 6, 70);
INSERT INTO pokemon_stat (id, pokemon_id, stat_id, value) VALUES (127, 22, 1, 65);
INSERT INTO pokemon_stat (id, pokemon_id, stat_id, value) VALUES (128, 22, 2, 90);
INSERT INTO pokemon_stat (id, pokemon_id, stat_id, value) VALUES (129, 22, 3, 65);
INSERT INTO pokemon_stat (id, pokemon_id, stat_id, value) VALUES (130, 22, 4, 61);
INSERT INTO pokemon_stat (id, pokemon_id, stat_id, value) VALUES (131, 22, 5, 61);
INSERT INTO pokemon_stat (id, pokemon_id, stat_id, value) VALUES (132, 22, 6, 100);
INSERT INTO pokemon_stat (id, pokemon_id, stat_id, value) VALUES (133, 23, 1, 35);
INSERT INTO pokemon_stat (id, pokemon_id, stat_id, value) VALUES (134, 23, 2, 60);
INSERT INTO pokemon_stat (id, pokemon_id, stat_id, value) VALUES (135, 23, 3, 44);
INSERT INTO pokemon_stat (id, pokemon_id, stat_id, value) VALUES (136, 23, 4, 40);
INSERT INTO pokemon_stat (id, pokemon_id, stat_id, value) VALUES (137, 23, 5, 54);
INSERT INTO pokemon_stat (id, pokemon_id, stat_id, value) VALUES (138, 23, 6, 55);
INSERT INTO pokemon_stat (id, pokemon_id, stat_id, value) VALUES (139, 24, 1, 60);
INSERT INTO pokemon_stat (id, pokemon_id, stat_id, value) VALUES (140, 24, 2, 85);
INSERT INTO pokemon_stat (id, pokemon_id, stat_id, value) VALUES (141, 24, 3, 69);
INSERT INTO pokemon_stat (id, pokemon_id, stat_id, value) VALUES (142, 24, 4, 65);
INSERT INTO pokemon_stat (id, pokemon_id, stat_id, value) VALUES (143, 24, 5, 79);
INSERT INTO pokemon_stat (id, pokemon_id, stat_id, value) VALUES (144, 24, 6, 80);
INSERT INTO pokemon_stat (id, pokemon_id, stat_id, value) VALUES (145, 25, 1, 35);
INSERT INTO pokemon_stat (id, pokemon_id, stat_id, value) VALUES (146, 25, 2, 55);
INSERT INTO pokemon_stat (id, pokemon_id, stat_id, value) VALUES (147, 25, 3, 40);
INSERT INTO pokemon_stat (id, pokemon_id, stat_id, value) VALUES (148, 25, 4, 50);
INSERT INTO pokemon_stat (id, pokemon_id, stat_id, value) VALUES (149, 25, 5, 50);
INSERT INTO pokemon_stat (id, pokemon_id, stat_id, value) VALUES (150, 25, 6, 90);
INSERT INTO pokemon_stat (id, pokemon_id, stat_id, value) VALUES (151, 26, 1, 60);
INSERT INTO pokemon_stat (id, pokemon_id, stat_id, value) VALUES (152, 26, 2, 90);
INSERT INTO pokemon_stat (id, pokemon_id, stat_id, value) VALUES (153, 26, 3, 55);
INSERT INTO pokemon_stat (id, pokemon_id, stat_id, value) VALUES (154, 26, 4, 90);
INSERT INTO pokemon_stat (id, pokemon_id, stat_id, value) VALUES (155, 26, 5, 80);
INSERT INTO pokemon_stat (id, pokemon_id, stat_id, value) VALUES (156, 26, 6, 110);
INSERT INTO pokemon_stat (id, pokemon_id, stat_id, value) VALUES (157, 27, 1, 50);
INSERT INTO pokemon_stat (id, pokemon_id, stat_id, value) VALUES (158, 27, 2, 75);
INSERT INTO pokemon_stat (id, pokemon_id, stat_id, value) VALUES (159, 27, 3, 85);
INSERT INTO pokemon_stat (id, pokemon_id, stat_id, value) VALUES (160, 27, 4, 20);
INSERT INTO pokemon_stat (id, pokemon_id, stat_id, value) VALUES (161, 27, 5, 30);
INSERT INTO pokemon_stat (id, pokemon_id, stat_id, value) VALUES (162, 27, 6, 40);
INSERT INTO pokemon_stat (id, pokemon_id, stat_id, value) VALUES (163, 28, 1, 75);
INSERT INTO pokemon_stat (id, pokemon_id, stat_id, value) VALUES (164, 28, 2, 100);
INSERT INTO pokemon_stat (id, pokemon_id, stat_id, value) VALUES (165, 28, 3, 110);
INSERT INTO pokemon_stat (id, pokemon_id, stat_id, value) VALUES (166, 28, 4, 45);
INSERT INTO pokemon_stat (id, pokemon_id, stat_id, value) VALUES (167, 28, 5, 55);
INSERT INTO pokemon_stat (id, pokemon_id, stat_id, value) VALUES (168, 28, 6, 65);
INSERT INTO pokemon_stat (id, pokemon_id, stat_id, value) VALUES (169, 29, 1, 55);
INSERT INTO pokemon_stat (id, pokemon_id, stat_id, value) VALUES (170, 29, 2, 47);
INSERT INTO pokemon_stat (id, pokemon_id, stat_id, value) VALUES (171, 29, 3, 52);
INSERT INTO pokemon_stat (id, pokemon_id, stat_id, value) VALUES (172, 29, 4, 40);
INSERT INTO pokemon_stat (id, pokemon_id, stat_id, value) VALUES (173, 29, 5, 40);
INSERT INTO pokemon_stat (id, pokemon_id, stat_id, value) VALUES (174, 29, 6, 41);
INSERT INTO pokemon_stat (id, pokemon_id, stat_id, value) VALUES (175, 30, 1, 70);
INSERT INTO pokemon_stat (id, pokemon_id, stat_id, value) VALUES (176, 30, 2, 62);
INSERT INTO pokemon_stat (id, pokemon_id, stat_id, value) VALUES (177, 30, 3, 67);
INSERT INTO pokemon_stat (id, pokemon_id, stat_id, value) VALUES (178, 30, 4, 55);
INSERT INTO pokemon_stat (id, pokemon_id, stat_id, value) VALUES (179, 30, 5, 55);
INSERT INTO pokemon_stat (id, pokemon_id, stat_id, value) VALUES (180, 30, 6, 56);
INSERT INTO pokemon_stat (id, pokemon_id, stat_id, value) VALUES (181, 31, 1, 90);
INSERT INTO pokemon_stat (id, pokemon_id, stat_id, value) VALUES (182, 31, 2, 92);
INSERT INTO pokemon_stat (id, pokemon_id, stat_id, value) VALUES (183, 31, 3, 87);
INSERT INTO pokemon_stat (id, pokemon_id, stat_id, value) VALUES (184, 31, 4, 75);
INSERT INTO pokemon_stat (id, pokemon_id, stat_id, value) VALUES (185, 31, 5, 85);
INSERT INTO pokemon_stat (id, pokemon_id, stat_id, value) VALUES (186, 31, 6, 76);
INSERT INTO pokemon_stat (id, pokemon_id, stat_id, value) VALUES (187, 32, 1, 46);
INSERT INTO pokemon_stat (id, pokemon_id, stat_id, value) VALUES (188, 32, 2, 57);
INSERT INTO pokemon_stat (id, pokemon_id, stat_id, value) VALUES (189, 32, 3, 40);
INSERT INTO pokemon_stat (id, pokemon_id, stat_id, value) VALUES (190, 32, 4, 40);
INSERT INTO pokemon_stat (id, pokemon_id, stat_id, value) VALUES (191, 32, 5, 40);
INSERT INTO pokemon_stat (id, pokemon_id, stat_id, value) VALUES (192, 32, 6, 50);
INSERT INTO pokemon_stat (id, pokemon_id, stat_id, value) VALUES (193, 33, 1, 61);
INSERT INTO pokemon_stat (id, pokemon_id, stat_id, value) VALUES (194, 33, 2, 72);
INSERT INTO pokemon_stat (id, pokemon_id, stat_id, value) VALUES (195, 33, 3, 57);
INSERT INTO pokemon_stat (id, pokemon_id, stat_id, value) VALUES (196, 33, 4, 55);
INSERT INTO pokemon_stat (id, pokemon_id, stat_id, value) VALUES (197, 33, 5, 55);
INSERT INTO pokemon_stat (id, pokemon_id, stat_id, value) VALUES (198, 33, 6, 65);
INSERT INTO pokemon_stat (id, pokemon_id, stat_id, value) VALUES (199, 34, 1, 81);
INSERT INTO pokemon_stat (id, pokemon_id, stat_id, value) VALUES (200, 34, 2, 102);
INSERT INTO pokemon_stat (id, pokemon_id, stat_id, value) VALUES (201, 34, 3, 77);
INSERT INTO pokemon_stat (id, pokemon_id, stat_id, value) VALUES (202, 34, 4, 85);
INSERT INTO pokemon_stat (id, pokemon_id, stat_id, value) VALUES (203, 34, 5, 75);
INSERT INTO pokemon_stat (id, pokemon_id, stat_id, value) VALUES (204, 34, 6, 85);
INSERT INTO pokemon_stat (id, pokemon_id, stat_id, value) VALUES (205, 35, 1, 70);
INSERT INTO pokemon_stat (id, pokemon_id, stat_id, value) VALUES (206, 35, 2, 45);
INSERT INTO pokemon_stat (id, pokemon_id, stat_id, value) VALUES (207, 35, 3, 48);
INSERT INTO pokemon_stat (id, pokemon_id, stat_id, value) VALUES (208, 35, 4, 60);
INSERT INTO pokemon_stat (id, pokemon_id, stat_id, value) VALUES (209, 35, 5, 65);
INSERT INTO pokemon_stat (id, pokemon_id, stat_id, value) VALUES (210, 35, 6, 35);
INSERT INTO pokemon_stat (id, pokemon_id, stat_id, value) VALUES (211, 36, 1, 95);
INSERT INTO pokemon_stat (id, pokemon_id, stat_id, value) VALUES (212, 36, 2, 70);
INSERT INTO pokemon_stat (id, pokemon_id, stat_id, value) VALUES (213, 36, 3, 73);
INSERT INTO pokemon_stat (id, pokemon_id, stat_id, value) VALUES (214, 36, 4, 95);
INSERT INTO pokemon_stat (id, pokemon_id, stat_id, value) VALUES (215, 36, 5, 90);
INSERT INTO pokemon_stat (id, pokemon_id, stat_id, value) VALUES (216, 36, 6, 60);
INSERT INTO pokemon_stat (id, pokemon_id, stat_id, value) VALUES (217, 37, 1, 38);
INSERT INTO pokemon_stat (id, pokemon_id, stat_id, value) VALUES (218, 37, 2, 41);
INSERT INTO pokemon_stat (id, pokemon_id, stat_id, value) VALUES (219, 37, 3, 40);
INSERT INTO pokemon_stat (id, pokemon_id, stat_id, value) VALUES (220, 37, 4, 50);
INSERT INTO pokemon_stat (id, pokemon_id, stat_id, value) VALUES (221, 37, 5, 65);
INSERT INTO pokemon_stat (id, pokemon_id, stat_id, value) VALUES (222, 37, 6, 65);
INSERT INTO pokemon_stat (id, pokemon_id, stat_id, value) VALUES (223, 38, 1, 73);
INSERT INTO pokemon_stat (id, pokemon_id, stat_id, value) VALUES (224, 38, 2, 76);
INSERT INTO pokemon_stat (id, pokemon_id, stat_id, value) VALUES (225, 38, 3, 75);
INSERT INTO pokemon_stat (id, pokemon_id, stat_id, value) VALUES (226, 38, 4, 81);
INSERT INTO pokemon_stat (id, pokemon_id, stat_id, value) VALUES (227, 38, 5, 100);
INSERT INTO pokemon_stat (id, pokemon_id, stat_id, value) VALUES (228, 38, 6, 100);
INSERT INTO pokemon_stat (id, pokemon_id, stat_id, value) VALUES (229, 39, 1, 115);
INSERT INTO pokemon_stat (id, pokemon_id, stat_id, value) VALUES (230, 39, 2, 45);
INSERT INTO pokemon_stat (id, pokemon_id, stat_id, value) VALUES (231, 39, 3, 20);
INSERT INTO pokemon_stat (id, pokemon_id, stat_id, value) VALUES (232, 39, 4, 45);
INSERT INTO pokemon_stat (id, pokemon_id, stat_id, value) VALUES (233, 39, 5, 25);
INSERT INTO pokemon_stat (id, pokemon_id, stat_id, value) VALUES (234, 39, 6, 20);
INSERT INTO pokemon_stat (id, pokemon_id, stat_id, value) VALUES (235, 40, 1, 140);
INSERT INTO pokemon_stat (id, pokemon_id, stat_id, value) VALUES (236, 40, 2, 70);
INSERT INTO pokemon_stat (id, pokemon_id, stat_id, value) VALUES (237, 40, 3, 45);
INSERT INTO pokemon_stat (id, pokemon_id, stat_id, value) VALUES (238, 40, 4, 85);
INSERT INTO pokemon_stat (id, pokemon_id, stat_id, value) VALUES (239, 40, 5, 50);
INSERT INTO pokemon_stat (id, pokemon_id, stat_id, value) VALUES (240, 40, 6, 45);
INSERT INTO pokemon_stat (id, pokemon_id, stat_id, value) VALUES (241, 41, 1, 40);
INSERT INTO pokemon_stat (id, pokemon_id, stat_id, value) VALUES (242, 41, 2, 45);
INSERT INTO pokemon_stat (id, pokemon_id, stat_id, value) VALUES (243, 41, 3, 35);
INSERT INTO pokemon_stat (id, pokemon_id, stat_id, value) VALUES (244, 41, 4, 30);
INSERT INTO pokemon_stat (id, pokemon_id, stat_id, value) VALUES (245, 41, 5, 40);
INSERT INTO pokemon_stat (id, pokemon_id, stat_id, value) VALUES (246, 41, 6, 55);
INSERT INTO pokemon_stat (id, pokemon_id, stat_id, value) VALUES (247, 42, 1, 75);
INSERT INTO pokemon_stat (id, pokemon_id, stat_id, value) VALUES (248, 42, 2, 80);
INSERT INTO pokemon_stat (id, pokemon_id, stat_id, value) VALUES (249, 42, 3, 70);
INSERT INTO pokemon_stat (id, pokemon_id, stat_id, value) VALUES (250, 42, 4, 65);
INSERT INTO pokemon_stat (id, pokemon_id, stat_id, value) VALUES (251, 42, 5, 75);
INSERT INTO pokemon_stat (id, pokemon_id, stat_id, value) VALUES (252, 42, 6, 90);
INSERT INTO pokemon_stat (id, pokemon_id, stat_id, value) VALUES (253, 43, 1, 45);
INSERT INTO pokemon_stat (id, pokemon_id, stat_id, value) VALUES (254, 43, 2, 50);
INSERT INTO pokemon_stat (id, pokemon_id, stat_id, value) VALUES (255, 43, 3, 55);
INSERT INTO pokemon_stat (id, pokemon_id, stat_id, value) VALUES (256, 43, 4, 75);
INSERT INTO pokemon_stat (id, pokemon_id, stat_id, value) VALUES (257, 43, 5, 65);
INSERT INTO pokemon_stat (id, pokemon_id, stat_id, value) VALUES (258, 43, 6, 30);
INSERT INTO pokemon_stat (id, pokemon_id, stat_id, value) VALUES (259, 44, 1, 60);
INSERT INTO pokemon_stat (id, pokemon_id, stat_id, value) VALUES (260, 44, 2, 65);
INSERT INTO pokemon_stat (id, pokemon_id, stat_id, value) VALUES (261, 44, 3, 70);
INSERT INTO pokemon_stat (id, pokemon_id, stat_id, value) VALUES (262, 44, 4, 85);
INSERT INTO pokemon_stat (id, pokemon_id, stat_id, value) VALUES (263, 44, 5, 75);
INSERT INTO pokemon_stat (id, pokemon_id, stat_id, value) VALUES (264, 44, 6, 40);
INSERT INTO pokemon_stat (id, pokemon_id, stat_id, value) VALUES (265, 45, 1, 75);
INSERT INTO pokemon_stat (id, pokemon_id, stat_id, value) VALUES (266, 45, 2, 80);
INSERT INTO pokemon_stat (id, pokemon_id, stat_id, value) VALUES (267, 45, 3, 85);
INSERT INTO pokemon_stat (id, pokemon_id, stat_id, value) VALUES (268, 45, 4, 110);
INSERT INTO pokemon_stat (id, pokemon_id, stat_id, value) VALUES (269, 45, 5, 90);
INSERT INTO pokemon_stat (id, pokemon_id, stat_id, value) VALUES (270, 45, 6, 50);
INSERT INTO pokemon_stat (id, pokemon_id, stat_id, value) VALUES (271, 46, 1, 35);
INSERT INTO pokemon_stat (id, pokemon_id, stat_id, value) VALUES (272, 46, 2, 70);
INSERT INTO pokemon_stat (id, pokemon_id, stat_id, value) VALUES (273, 46, 3, 55);
INSERT INTO pokemon_stat (id, pokemon_id, stat_id, value) VALUES (274, 46, 4, 45);
INSERT INTO pokemon_stat (id, pokemon_id, stat_id, value) VALUES (275, 46, 5, 55);
INSERT INTO pokemon_stat (id, pokemon_id, stat_id, value) VALUES (276, 46, 6, 25);
INSERT INTO pokemon_stat (id, pokemon_id, stat_id, value) VALUES (277, 47, 1, 60);
INSERT INTO pokemon_stat (id, pokemon_id, stat_id, value) VALUES (278, 47, 2, 95);
INSERT INTO pokemon_stat (id, pokemon_id, stat_id, value) VALUES (279, 47, 3, 80);
INSERT INTO pokemon_stat (id, pokemon_id, stat_id, value) VALUES (280, 47, 4, 60);
INSERT INTO pokemon_stat (id, pokemon_id, stat_id, value) VALUES (281, 47, 5, 80);
INSERT INTO pokemon_stat (id, pokemon_id, stat_id, value) VALUES (282, 47, 6, 30);
INSERT INTO pokemon_stat (id, pokemon_id, stat_id, value) VALUES (283, 48, 1, 60);
INSERT INTO pokemon_stat (id, pokemon_id, stat_id, value) VALUES (284, 48, 2, 55);
INSERT INTO pokemon_stat (id, pokemon_id, stat_id, value) VALUES (285, 48, 3, 50);
INSERT INTO pokemon_stat (id, pokemon_id, stat_id, value) VALUES (286, 48, 4, 40);
INSERT INTO pokemon_stat (id, pokemon_id, stat_id, value) VALUES (287, 48, 5, 55);
INSERT INTO pokemon_stat (id, pokemon_id, stat_id, value) VALUES (288, 48, 6, 45);
INSERT INTO pokemon_stat (id, pokemon_id, stat_id, value) VALUES (289, 49, 1, 70);
INSERT INTO pokemon_stat (id, pokemon_id, stat_id, value) VALUES (290, 49, 2, 65);
INSERT INTO pokemon_stat (id, pokemon_id, stat_id, value) VALUES (291, 49, 3, 60);
INSERT INTO pokemon_stat (id, pokemon_id, stat_id, value) VALUES (292, 49, 4, 90);
INSERT INTO pokemon_stat (id, pokemon_id, stat_id, value) VALUES (293, 49, 5, 75);
INSERT INTO pokemon_stat (id, pokemon_id, stat_id, value) VALUES (294, 49, 6, 90);
INSERT INTO pokemon_stat (id, pokemon_id, stat_id, value) VALUES (295, 50, 1, 10);
INSERT INTO pokemon_stat (id, pokemon_id, stat_id, value) VALUES (296, 50, 2, 55);
INSERT INTO pokemon_stat (id, pokemon_id, stat_id, value) VALUES (297, 50, 3, 25);
INSERT INTO pokemon_stat (id, pokemon_id, stat_id, value) VALUES (298, 50, 4, 35);
INSERT INTO pokemon_stat (id, pokemon_id, stat_id, value) VALUES (299, 50, 5, 45);
INSERT INTO pokemon_stat (id, pokemon_id, stat_id, value) VALUES (300, 50, 6, 95);
INSERT INTO pokemon_stat (id, pokemon_id, stat_id, value) VALUES (301, 51, 1, 35);
INSERT INTO pokemon_stat (id, pokemon_id, stat_id, value) VALUES (302, 51, 2, 80);
INSERT INTO pokemon_stat (id, pokemon_id, stat_id, value) VALUES (303, 51, 3, 50);
INSERT INTO pokemon_stat (id, pokemon_id, stat_id, value) VALUES (304, 51, 4, 50);
INSERT INTO pokemon_stat (id, pokemon_id, stat_id, value) VALUES (305, 51, 5, 70);
INSERT INTO pokemon_stat (id, pokemon_id, stat_id, value) VALUES (306, 51, 6, 120);
INSERT INTO pokemon_stat (id, pokemon_id, stat_id, value) VALUES (307, 52, 1, 40);
INSERT INTO pokemon_stat (id, pokemon_id, stat_id, value) VALUES (308, 52, 2, 45);
INSERT INTO pokemon_stat (id, pokemon_id, stat_id, value) VALUES (309, 52, 3, 35);
INSERT INTO pokemon_stat (id, pokemon_id, stat_id, value) VALUES (310, 52, 4, 40);
INSERT INTO pokemon_stat (id, pokemon_id, stat_id, value) VALUES (311, 52, 5, 40);
INSERT INTO pokemon_stat (id, pokemon_id, stat_id, value) VALUES (312, 52, 6, 90);
INSERT INTO pokemon_stat (id, pokemon_id, stat_id, value) VALUES (313, 53, 1, 65);
INSERT INTO pokemon_stat (id, pokemon_id, stat_id, value) VALUES (314, 53, 2, 70);
INSERT INTO pokemon_stat (id, pokemon_id, stat_id, value) VALUES (315, 53, 3, 60);
INSERT INTO pokemon_stat (id, pokemon_id, stat_id, value) VALUES (316, 53, 4, 65);
INSERT INTO pokemon_stat (id, pokemon_id, stat_id, value) VALUES (317, 53, 5, 65);
INSERT INTO pokemon_stat (id, pokemon_id, stat_id, value) VALUES (318, 53, 6, 115);
INSERT INTO pokemon_stat (id, pokemon_id, stat_id, value) VALUES (319, 54, 1, 50);
INSERT INTO pokemon_stat (id, pokemon_id, stat_id, value) VALUES (320, 54, 2, 52);
INSERT INTO pokemon_stat (id, pokemon_id, stat_id, value) VALUES (321, 54, 3, 48);
INSERT INTO pokemon_stat (id, pokemon_id, stat_id, value) VALUES (322, 54, 4, 65);
INSERT INTO pokemon_stat (id, pokemon_id, stat_id, value) VALUES (323, 54, 5, 50);
INSERT INTO pokemon_stat (id, pokemon_id, stat_id, value) VALUES (324, 54, 6, 55);
INSERT INTO pokemon_stat (id, pokemon_id, stat_id, value) VALUES (325, 55, 1, 80);
INSERT INTO pokemon_stat (id, pokemon_id, stat_id, value) VALUES (326, 55, 2, 82);
INSERT INTO pokemon_stat (id, pokemon_id, stat_id, value) VALUES (327, 55, 3, 78);
INSERT INTO pokemon_stat (id, pokemon_id, stat_id, value) VALUES (328, 55, 4, 95);
INSERT INTO pokemon_stat (id, pokemon_id, stat_id, value) VALUES (329, 55, 5, 80);
INSERT INTO pokemon_stat (id, pokemon_id, stat_id, value) VALUES (330, 55, 6, 85);
INSERT INTO pokemon_stat (id, pokemon_id, stat_id, value) VALUES (331, 56, 1, 40);
INSERT INTO pokemon_stat (id, pokemon_id, stat_id, value) VALUES (332, 56, 2, 80);
INSERT INTO pokemon_stat (id, pokemon_id, stat_id, value) VALUES (333, 56, 3, 35);
INSERT INTO pokemon_stat (id, pokemon_id, stat_id, value) VALUES (334, 56, 4, 35);
INSERT INTO pokemon_stat (id, pokemon_id, stat_id, value) VALUES (335, 56, 5, 45);
INSERT INTO pokemon_stat (id, pokemon_id, stat_id, value) VALUES (336, 56, 6, 70);
INSERT INTO pokemon_stat (id, pokemon_id, stat_id, value) VALUES (337, 57, 1, 65);
INSERT INTO pokemon_stat (id, pokemon_id, stat_id, value) VALUES (338, 57, 2, 105);
INSERT INTO pokemon_stat (id, pokemon_id, stat_id, value) VALUES (339, 57, 3, 60);
INSERT INTO pokemon_stat (id, pokemon_id, stat_id, value) VALUES (340, 57, 4, 60);
INSERT INTO pokemon_stat (id, pokemon_id, stat_id, value) VALUES (341, 57, 5, 70);
INSERT INTO pokemon_stat (id, pokemon_id, stat_id, value) VALUES (342, 57, 6, 95);
INSERT INTO pokemon_stat (id, pokemon_id, stat_id, value) VALUES (343, 58, 1, 55);
INSERT INTO pokemon_stat (id, pokemon_id, stat_id, value) VALUES (344, 58, 2, 70);
INSERT INTO pokemon_stat (id, pokemon_id, stat_id, value) VALUES (345, 58, 3, 45);
INSERT INTO pokemon_stat (id, pokemon_id, stat_id, value) VALUES (346, 58, 4, 70);
INSERT INTO pokemon_stat (id, pokemon_id, stat_id, value) VALUES (347, 58, 5, 50);
INSERT INTO pokemon_stat (id, pokemon_id, stat_id, value) VALUES (348, 58, 6, 60);
INSERT INTO pokemon_stat (id, pokemon_id, stat_id, value) VALUES (349, 59, 1, 90);
INSERT INTO pokemon_stat (id, pokemon_id, stat_id, value) VALUES (350, 59, 2, 110);
INSERT INTO pokemon_stat (id, pokemon_id, stat_id, value) VALUES (351, 59, 3, 80);
INSERT INTO pokemon_stat (id, pokemon_id, stat_id, value) VALUES (352, 59, 4, 100);
INSERT INTO pokemon_stat (id, pokemon_id, stat_id, value) VALUES (353, 59, 5, 80);
INSERT INTO pokemon_stat (id, pokemon_id, stat_id, value) VALUES (354, 59, 6, 95);
INSERT INTO pokemon_stat (id, pokemon_id, stat_id, value) VALUES (355, 60, 1, 40);
INSERT INTO pokemon_stat (id, pokemon_id, stat_id, value) VALUES (356, 60, 2, 50);
INSERT INTO pokemon_stat (id, pokemon_id, stat_id, value) VALUES (357, 60, 3, 40);
INSERT INTO pokemon_stat (id, pokemon_id, stat_id, value) VALUES (358, 60, 4, 40);
INSERT INTO pokemon_stat (id, pokemon_id, stat_id, value) VALUES (359, 60, 5, 40);
INSERT INTO pokemon_stat (id, pokemon_id, stat_id, value) VALUES (360, 60, 6, 90);
INSERT INTO pokemon_stat (id, pokemon_id, stat_id, value) VALUES (361, 61, 1, 65);
INSERT INTO pokemon_stat (id, pokemon_id, stat_id, value) VALUES (362, 61, 2, 65);
INSERT INTO pokemon_stat (id, pokemon_id, stat_id, value) VALUES (363, 61, 3, 65);
INSERT INTO pokemon_stat (id, pokemon_id, stat_id, value) VALUES (364, 61, 4, 50);
INSERT INTO pokemon_stat (id, pokemon_id, stat_id, value) VALUES (365, 61, 5, 50);
INSERT INTO pokemon_stat (id, pokemon_id, stat_id, value) VALUES (366, 61, 6, 90);
INSERT INTO pokemon_stat (id, pokemon_id, stat_id, value) VALUES (367, 62, 1, 90);
INSERT INTO pokemon_stat (id, pokemon_id, stat_id, value) VALUES (368, 62, 2, 95);
INSERT INTO pokemon_stat (id, pokemon_id, stat_id, value) VALUES (369, 62, 3, 95);
INSERT INTO pokemon_stat (id, pokemon_id, stat_id, value) VALUES (370, 62, 4, 70);
INSERT INTO pokemon_stat (id, pokemon_id, stat_id, value) VALUES (371, 62, 5, 90);
INSERT INTO pokemon_stat (id, pokemon_id, stat_id, value) VALUES (372, 62, 6, 70);
INSERT INTO pokemon_stat (id, pokemon_id, stat_id, value) VALUES (373, 63, 1, 25);
INSERT INTO pokemon_stat (id, pokemon_id, stat_id, value) VALUES (374, 63, 2, 20);
INSERT INTO pokemon_stat (id, pokemon_id, stat_id, value) VALUES (375, 63, 3, 15);
INSERT INTO pokemon_stat (id, pokemon_id, stat_id, value) VALUES (376, 63, 4, 105);
INSERT INTO pokemon_stat (id, pokemon_id, stat_id, value) VALUES (377, 63, 5, 55);
INSERT INTO pokemon_stat (id, pokemon_id, stat_id, value) VALUES (378, 63, 6, 90);
INSERT INTO pokemon_stat (id, pokemon_id, stat_id, value) VALUES (379, 64, 1, 40);
INSERT INTO pokemon_stat (id, pokemon_id, stat_id, value) VALUES (380, 64, 2, 35);
INSERT INTO pokemon_stat (id, pokemon_id, stat_id, value) VALUES (381, 64, 3, 30);
INSERT INTO pokemon_stat (id, pokemon_id, stat_id, value) VALUES (382, 64, 4, 120);
INSERT INTO pokemon_stat (id, pokemon_id, stat_id, value) VALUES (383, 64, 5, 70);
INSERT INTO pokemon_stat (id, pokemon_id, stat_id, value) VALUES (384, 64, 6, 105);
INSERT INTO pokemon_stat (id, pokemon_id, stat_id, value) VALUES (385, 65, 1, 55);
INSERT INTO pokemon_stat (id, pokemon_id, stat_id, value) VALUES (386, 65, 2, 50);
INSERT INTO pokemon_stat (id, pokemon_id, stat_id, value) VALUES (387, 65, 3, 45);
INSERT INTO pokemon_stat (id, pokemon_id, stat_id, value) VALUES (388, 65, 4, 135);
INSERT INTO pokemon_stat (id, pokemon_id, stat_id, value) VALUES (389, 65, 5, 95);
INSERT INTO pokemon_stat (id, pokemon_id, stat_id, value) VALUES (390, 65, 6, 120);
INSERT INTO pokemon_stat (id, pokemon_id, stat_id, value) VALUES (391, 66, 1, 70);
INSERT INTO pokemon_stat (id, pokemon_id, stat_id, value) VALUES (392, 66, 2, 80);
INSERT INTO pokemon_stat (id, pokemon_id, stat_id, value) VALUES (393, 66, 3, 50);
INSERT INTO pokemon_stat (id, pokemon_id, stat_id, value) VALUES (394, 66, 4, 35);
INSERT INTO pokemon_stat (id, pokemon_id, stat_id, value) VALUES (395, 66, 5, 35);
INSERT INTO pokemon_stat (id, pokemon_id, stat_id, value) VALUES (396, 66, 6, 35);
INSERT INTO pokemon_stat (id, pokemon_id, stat_id, value) VALUES (397, 67, 1, 80);
INSERT INTO pokemon_stat (id, pokemon_id, stat_id, value) VALUES (398, 67, 2, 100);
INSERT INTO pokemon_stat (id, pokemon_id, stat_id, value) VALUES (399, 67, 3, 70);
INSERT INTO pokemon_stat (id, pokemon_id, stat_id, value) VALUES (400, 67, 4, 50);
INSERT INTO pokemon_stat (id, pokemon_id, stat_id, value) VALUES (401, 67, 5, 60);
INSERT INTO pokemon_stat (id, pokemon_id, stat_id, value) VALUES (402, 67, 6, 45);
INSERT INTO pokemon_stat (id, pokemon_id, stat_id, value) VALUES (403, 68, 1, 90);
INSERT INTO pokemon_stat (id, pokemon_id, stat_id, value) VALUES (404, 68, 2, 130);
INSERT INTO pokemon_stat (id, pokemon_id, stat_id, value) VALUES (405, 68, 3, 80);
INSERT INTO pokemon_stat (id, pokemon_id, stat_id, value) VALUES (406, 68, 4, 65);
INSERT INTO pokemon_stat (id, pokemon_id, stat_id, value) VALUES (407, 68, 5, 85);
INSERT INTO pokemon_stat (id, pokemon_id, stat_id, value) VALUES (408, 68, 6, 55);
INSERT INTO pokemon_stat (id, pokemon_id, stat_id, value) VALUES (409, 69, 1, 50);
INSERT INTO pokemon_stat (id, pokemon_id, stat_id, value) VALUES (410, 69, 2, 75);
INSERT INTO pokemon_stat (id, pokemon_id, stat_id, value) VALUES (411, 69, 3, 35);
INSERT INTO pokemon_stat (id, pokemon_id, stat_id, value) VALUES (412, 69, 4, 70);
INSERT INTO pokemon_stat (id, pokemon_id, stat_id, value) VALUES (413, 69, 5, 30);
INSERT INTO pokemon_stat (id, pokemon_id, stat_id, value) VALUES (414, 69, 6, 40);
INSERT INTO pokemon_stat (id, pokemon_id, stat_id, value) VALUES (415, 70, 1, 65);
INSERT INTO pokemon_stat (id, pokemon_id, stat_id, value) VALUES (416, 70, 2, 90);
INSERT INTO pokemon_stat (id, pokemon_id, stat_id, value) VALUES (417, 70, 3, 50);
INSERT INTO pokemon_stat (id, pokemon_id, stat_id, value) VALUES (418, 70, 4, 85);
INSERT INTO pokemon_stat (id, pokemon_id, stat_id, value) VALUES (419, 70, 5, 45);
INSERT INTO pokemon_stat (id, pokemon_id, stat_id, value) VALUES (420, 70, 6, 55);
INSERT INTO pokemon_stat (id, pokemon_id, stat_id, value) VALUES (421, 71, 1, 80);
INSERT INTO pokemon_stat (id, pokemon_id, stat_id, value) VALUES (422, 71, 2, 105);
INSERT INTO pokemon_stat (id, pokemon_id, stat_id, value) VALUES (423, 71, 3, 65);
INSERT INTO pokemon_stat (id, pokemon_id, stat_id, value) VALUES (424, 71, 4, 100);
INSERT INTO pokemon_stat (id, pokemon_id, stat_id, value) VALUES (425, 71, 5, 70);
INSERT INTO pokemon_stat (id, pokemon_id, stat_id, value) VALUES (426, 71, 6, 70);
INSERT INTO pokemon_stat (id, pokemon_id, stat_id, value) VALUES (427, 72, 1, 40);
INSERT INTO pokemon_stat (id, pokemon_id, stat_id, value) VALUES (428, 72, 2, 40);
INSERT INTO pokemon_stat (id, pokemon_id, stat_id, value) VALUES (429, 72, 3, 35);
INSERT INTO pokemon_stat (id, pokemon_id, stat_id, value) VALUES (430, 72, 4, 50);
INSERT INTO pokemon_stat (id, pokemon_id, stat_id, value) VALUES (431, 72, 5, 100);
INSERT INTO pokemon_stat (id, pokemon_id, stat_id, value) VALUES (432, 72, 6, 70);
INSERT INTO pokemon_stat (id, pokemon_id, stat_id, value) VALUES (433, 73, 1, 80);
INSERT INTO pokemon_stat (id, pokemon_id, stat_id, value) VALUES (434, 73, 2, 70);
INSERT INTO pokemon_stat (id, pokemon_id, stat_id, value) VALUES (435, 73, 3, 65);
INSERT INTO pokemon_stat (id, pokemon_id, stat_id, value) VALUES (436, 73, 4, 80);
INSERT INTO pokemon_stat (id, pokemon_id, stat_id, value) VALUES (437, 73, 5, 120);
INSERT INTO pokemon_stat (id, pokemon_id, stat_id, value) VALUES (438, 73, 6, 100);
INSERT INTO pokemon_stat (id, pokemon_id, stat_id, value) VALUES (439, 74, 1, 40);
INSERT INTO pokemon_stat (id, pokemon_id, stat_id, value) VALUES (440, 74, 2, 80);
INSERT INTO pokemon_stat (id, pokemon_id, stat_id, value) VALUES (441, 74, 3, 100);
INSERT INTO pokemon_stat (id, pokemon_id, stat_id, value) VALUES (442, 74, 4, 30);
INSERT INTO pokemon_stat (id, pokemon_id, stat_id, value) VALUES (443, 74, 5, 30);
INSERT INTO pokemon_stat (id, pokemon_id, stat_id, value) VALUES (444, 74, 6, 20);
INSERT INTO pokemon_stat (id, pokemon_id, stat_id, value) VALUES (445, 75, 1, 55);
INSERT INTO pokemon_stat (id, pokemon_id, stat_id, value) VALUES (446, 75, 2, 95);
INSERT INTO pokemon_stat (id, pokemon_id, stat_id, value) VALUES (447, 75, 3, 115);
INSERT INTO pokemon_stat (id, pokemon_id, stat_id, value) VALUES (448, 75, 4, 45);
INSERT INTO pokemon_stat (id, pokemon_id, stat_id, value) VALUES (449, 75, 5, 45);
INSERT INTO pokemon_stat (id, pokemon_id, stat_id, value) VALUES (450, 75, 6, 35);
INSERT INTO pokemon_stat (id, pokemon_id, stat_id, value) VALUES (451, 76, 1, 80);
INSERT INTO pokemon_stat (id, pokemon_id, stat_id, value) VALUES (452, 76, 2, 120);
INSERT INTO pokemon_stat (id, pokemon_id, stat_id, value) VALUES (453, 76, 3, 130);
INSERT INTO pokemon_stat (id, pokemon_id, stat_id, value) VALUES (454, 76, 4, 55);
INSERT INTO pokemon_stat (id, pokemon_id, stat_id, value) VALUES (455, 76, 5, 65);
INSERT INTO pokemon_stat (id, pokemon_id, stat_id, value) VALUES (456, 76, 6, 45);
INSERT INTO pokemon_stat (id, pokemon_id, stat_id, value) VALUES (457, 77, 1, 50);
INSERT INTO pokemon_stat (id, pokemon_id, stat_id, value) VALUES (458, 77, 2, 85);
INSERT INTO pokemon_stat (id, pokemon_id, stat_id, value) VALUES (459, 77, 3, 55);
INSERT INTO pokemon_stat (id, pokemon_id, stat_id, value) VALUES (460, 77, 4, 65);
INSERT INTO pokemon_stat (id, pokemon_id, stat_id, value) VALUES (461, 77, 5, 65);
INSERT INTO pokemon_stat (id, pokemon_id, stat_id, value) VALUES (462, 77, 6, 90);
INSERT INTO pokemon_stat (id, pokemon_id, stat_id, value) VALUES (463, 78, 1, 65);
INSERT INTO pokemon_stat (id, pokemon_id, stat_id, value) VALUES (464, 78, 2, 100);
INSERT INTO pokemon_stat (id, pokemon_id, stat_id, value) VALUES (465, 78, 3, 70);
INSERT INTO pokemon_stat (id, pokemon_id, stat_id, value) VALUES (466, 78, 4, 80);
INSERT INTO pokemon_stat (id, pokemon_id, stat_id, value) VALUES (467, 78, 5, 80);
INSERT INTO pokemon_stat (id, pokemon_id, stat_id, value) VALUES (468, 78, 6, 105);
INSERT INTO pokemon_stat (id, pokemon_id, stat_id, value) VALUES (469, 79, 1, 90);
INSERT INTO pokemon_stat (id, pokemon_id, stat_id, value) VALUES (470, 79, 2, 65);
INSERT INTO pokemon_stat (id, pokemon_id, stat_id, value) VALUES (471, 79, 3, 65);
INSERT INTO pokemon_stat (id, pokemon_id, stat_id, value) VALUES (472, 79, 4, 40);
INSERT INTO pokemon_stat (id, pokemon_id, stat_id, value) VALUES (473, 79, 5, 40);
INSERT INTO pokemon_stat (id, pokemon_id, stat_id, value) VALUES (474, 79, 6, 15);
INSERT INTO pokemon_stat (id, pokemon_id, stat_id, value) VALUES (475, 80, 1, 95);
INSERT INTO pokemon_stat (id, pokemon_id, stat_id, value) VALUES (476, 80, 2, 75);
INSERT INTO pokemon_stat (id, pokemon_id, stat_id, value) VALUES (477, 80, 3, 110);
INSERT INTO pokemon_stat (id, pokemon_id, stat_id, value) VALUES (478, 80, 4, 100);
INSERT INTO pokemon_stat (id, pokemon_id, stat_id, value) VALUES (479, 80, 5, 80);
INSERT INTO pokemon_stat (id, pokemon_id, stat_id, value) VALUES (480, 80, 6, 30);
INSERT INTO pokemon_stat (id, pokemon_id, stat_id, value) VALUES (481, 81, 1, 25);
INSERT INTO pokemon_stat (id, pokemon_id, stat_id, value) VALUES (482, 81, 2, 35);
INSERT INTO pokemon_stat (id, pokemon_id, stat_id, value) VALUES (483, 81, 3, 70);
INSERT INTO pokemon_stat (id, pokemon_id, stat_id, value) VALUES (484, 81, 4, 95);
INSERT INTO pokemon_stat (id, pokemon_id, stat_id, value) VALUES (485, 81, 5, 55);
INSERT INTO pokemon_stat (id, pokemon_id, stat_id, value) VALUES (486, 81, 6, 45);
INSERT INTO pokemon_stat (id, pokemon_id, stat_id, value) VALUES (487, 82, 1, 50);
INSERT INTO pokemon_stat (id, pokemon_id, stat_id, value) VALUES (488, 82, 2, 60);
INSERT INTO pokemon_stat (id, pokemon_id, stat_id, value) VALUES (489, 82, 3, 95);
INSERT INTO pokemon_stat (id, pokemon_id, stat_id, value) VALUES (490, 82, 4, 120);
INSERT INTO pokemon_stat (id, pokemon_id, stat_id, value) VALUES (491, 82, 5, 70);
INSERT INTO pokemon_stat (id, pokemon_id, stat_id, value) VALUES (492, 82, 6, 70);
INSERT INTO pokemon_stat (id, pokemon_id, stat_id, value) VALUES (493, 83, 1, 52);
INSERT INTO pokemon_stat (id, pokemon_id, stat_id, value) VALUES (494, 83, 2, 65);
INSERT INTO pokemon_stat (id, pokemon_id, stat_id, value) VALUES (495, 83, 3, 55);
INSERT INTO pokemon_stat (id, pokemon_id, stat_id, value) VALUES (496, 83, 4, 58);
INSERT INTO pokemon_stat (id, pokemon_id, stat_id, value) VALUES (497, 83, 5, 62);
INSERT INTO pokemon_stat (id, pokemon_id, stat_id, value) VALUES (498, 83, 6, 60);
INSERT INTO pokemon_stat (id, pokemon_id, stat_id, value) VALUES (499, 84, 1, 35);
INSERT INTO pokemon_stat (id, pokemon_id, stat_id, value) VALUES (500, 84, 2, 85);
INSERT INTO pokemon_stat (id, pokemon_id, stat_id, value) VALUES (501, 84, 3, 45);
INSERT INTO pokemon_stat (id, pokemon_id, stat_id, value) VALUES (502, 84, 4, 35);
INSERT INTO pokemon_stat (id, pokemon_id, stat_id, value) VALUES (503, 84, 5, 35);
INSERT INTO pokemon_stat (id, pokemon_id, stat_id, value) VALUES (504, 84, 6, 75);
INSERT INTO pokemon_stat (id, pokemon_id, stat_id, value) VALUES (505, 85, 1, 60);
INSERT INTO pokemon_stat (id, pokemon_id, stat_id, value) VALUES (506, 85, 2, 110);
INSERT INTO pokemon_stat (id, pokemon_id, stat_id, value) VALUES (507, 85, 3, 70);
INSERT INTO pokemon_stat (id, pokemon_id, stat_id, value) VALUES (508, 85, 4, 60);
INSERT INTO pokemon_stat (id, pokemon_id, stat_id, value) VALUES (509, 85, 5, 60);
INSERT INTO pokemon_stat (id, pokemon_id, stat_id, value) VALUES (510, 85, 6, 100);
INSERT INTO pokemon_stat (id, pokemon_id, stat_id, value) VALUES (511, 86, 1, 65);
INSERT INTO pokemon_stat (id, pokemon_id, stat_id, value) VALUES (512, 86, 2, 45);
INSERT INTO pokemon_stat (id, pokemon_id, stat_id, value) VALUES (513, 86, 3, 55);
INSERT INTO pokemon_stat (id, pokemon_id, stat_id, value) VALUES (514, 86, 4, 45);
INSERT INTO pokemon_stat (id, pokemon_id, stat_id, value) VALUES (515, 86, 5, 70);
INSERT INTO pokemon_stat (id, pokemon_id, stat_id, value) VALUES (516, 86, 6, 45);
INSERT INTO pokemon_stat (id, pokemon_id, stat_id, value) VALUES (517, 87, 1, 90);
INSERT INTO pokemon_stat (id, pokemon_id, stat_id, value) VALUES (518, 87, 2, 70);
INSERT INTO pokemon_stat (id, pokemon_id, stat_id, value) VALUES (519, 87, 3, 80);
INSERT INTO pokemon_stat (id, pokemon_id, stat_id, value) VALUES (520, 87, 4, 70);
INSERT INTO pokemon_stat (id, pokemon_id, stat_id, value) VALUES (521, 87, 5, 95);
INSERT INTO pokemon_stat (id, pokemon_id, stat_id, value) VALUES (522, 87, 6, 70);
INSERT INTO pokemon_stat (id, pokemon_id, stat_id, value) VALUES (523, 88, 1, 80);
INSERT INTO pokemon_stat (id, pokemon_id, stat_id, value) VALUES (524, 88, 2, 80);
INSERT INTO pokemon_stat (id, pokemon_id, stat_id, value) VALUES (525, 88, 3, 50);
INSERT INTO pokemon_stat (id, pokemon_id, stat_id, value) VALUES (526, 88, 4, 40);
INSERT INTO pokemon_stat (id, pokemon_id, stat_id, value) VALUES (527, 88, 5, 50);
INSERT INTO pokemon_stat (id, pokemon_id, stat_id, value) VALUES (528, 88, 6, 25);
INSERT INTO pokemon_stat (id, pokemon_id, stat_id, value) VALUES (529, 89, 1, 105);
INSERT INTO pokemon_stat (id, pokemon_id, stat_id, value) VALUES (530, 89, 2, 105);
INSERT INTO pokemon_stat (id, pokemon_id, stat_id, value) VALUES (531, 89, 3, 75);
INSERT INTO pokemon_stat (id, pokemon_id, stat_id, value) VALUES (532, 89, 4, 65);
INSERT INTO pokemon_stat (id, pokemon_id, stat_id, value) VALUES (533, 89, 5, 100);
INSERT INTO pokemon_stat (id, pokemon_id, stat_id, value) VALUES (534, 89, 6, 50);
INSERT INTO pokemon_stat (id, pokemon_id, stat_id, value) VALUES (535, 90, 1, 30);
INSERT INTO pokemon_stat (id, pokemon_id, stat_id, value) VALUES (536, 90, 2, 65);
INSERT INTO pokemon_stat (id, pokemon_id, stat_id, value) VALUES (537, 90, 3, 100);
INSERT INTO pokemon_stat (id, pokemon_id, stat_id, value) VALUES (538, 90, 4, 45);
INSERT INTO pokemon_stat (id, pokemon_id, stat_id, value) VALUES (539, 90, 5, 25);
INSERT INTO pokemon_stat (id, pokemon_id, stat_id, value) VALUES (540, 90, 6, 40);
INSERT INTO pokemon_stat (id, pokemon_id, stat_id, value) VALUES (541, 91, 1, 50);
INSERT INTO pokemon_stat (id, pokemon_id, stat_id, value) VALUES (542, 91, 2, 95);
INSERT INTO pokemon_stat (id, pokemon_id, stat_id, value) VALUES (543, 91, 3, 180);
INSERT INTO pokemon_stat (id, pokemon_id, stat_id, value) VALUES (544, 91, 4, 85);
INSERT INTO pokemon_stat (id, pokemon_id, stat_id, value) VALUES (545, 91, 5, 45);
INSERT INTO pokemon_stat (id, pokemon_id, stat_id, value) VALUES (546, 91, 6, 70);
INSERT INTO pokemon_stat (id, pokemon_id, stat_id, value) VALUES (547, 92, 1, 30);
INSERT INTO pokemon_stat (id, pokemon_id, stat_id, value) VALUES (548, 92, 2, 35);
INSERT INTO pokemon_stat (id, pokemon_id, stat_id, value) VALUES (549, 92, 3, 30);
INSERT INTO pokemon_stat (id, pokemon_id, stat_id, value) VALUES (550, 92, 4, 100);
INSERT INTO pokemon_stat (id, pokemon_id, stat_id, value) VALUES (551, 92, 5, 35);
INSERT INTO pokemon_stat (id, pokemon_id, stat_id, value) VALUES (552, 92, 6, 80);
INSERT INTO pokemon_stat (id, pokemon_id, stat_id, value) VALUES (553, 93, 1, 45);
INSERT INTO pokemon_stat (id, pokemon_id, stat_id, value) VALUES (554, 93, 2, 50);
INSERT INTO pokemon_stat (id, pokemon_id, stat_id, value) VALUES (555, 93, 3, 45);
INSERT INTO pokemon_stat (id, pokemon_id, stat_id, value) VALUES (556, 93, 4, 115);
INSERT INTO pokemon_stat (id, pokemon_id, stat_id, value) VALUES (557, 93, 5, 55);
INSERT INTO pokemon_stat (id, pokemon_id, stat_id, value) VALUES (558, 93, 6, 95);
INSERT INTO pokemon_stat (id, pokemon_id, stat_id, value) VALUES (559, 94, 1, 60);
INSERT INTO pokemon_stat (id, pokemon_id, stat_id, value) VALUES (560, 94, 2, 65);
INSERT INTO pokemon_stat (id, pokemon_id, stat_id, value) VALUES (561, 94, 3, 60);
INSERT INTO pokemon_stat (id, pokemon_id, stat_id, value) VALUES (562, 94, 4, 130);
INSERT INTO pokemon_stat (id, pokemon_id, stat_id, value) VALUES (563, 94, 5, 75);
INSERT INTO pokemon_stat (id, pokemon_id, stat_id, value) VALUES (564, 94, 6, 110);
INSERT INTO pokemon_stat (id, pokemon_id, stat_id, value) VALUES (565, 95, 1, 35);
INSERT INTO pokemon_stat (id, pokemon_id, stat_id, value) VALUES (566, 95, 2, 45);
INSERT INTO pokemon_stat (id, pokemon_id, stat_id, value) VALUES (567, 95, 3, 160);
INSERT INTO pokemon_stat (id, pokemon_id, stat_id, value) VALUES (568, 95, 4, 30);
INSERT INTO pokemon_stat (id, pokemon_id, stat_id, value) VALUES (569, 95, 5, 45);
INSERT INTO pokemon_stat (id, pokemon_id, stat_id, value) VALUES (570, 95, 6, 70);
INSERT INTO pokemon_stat (id, pokemon_id, stat_id, value) VALUES (571, 96, 1, 60);
INSERT INTO pokemon_stat (id, pokemon_id, stat_id, value) VALUES (572, 96, 2, 48);
INSERT INTO pokemon_stat (id, pokemon_id, stat_id, value) VALUES (573, 96, 3, 45);
INSERT INTO pokemon_stat (id, pokemon_id, stat_id, value) VALUES (574, 96, 4, 43);
INSERT INTO pokemon_stat (id, pokemon_id, stat_id, value) VALUES (575, 96, 5, 90);
INSERT INTO pokemon_stat (id, pokemon_id, stat_id, value) VALUES (576, 96, 6, 42);
INSERT INTO pokemon_stat (id, pokemon_id, stat_id, value) VALUES (577, 97, 1, 85);
INSERT INTO pokemon_stat (id, pokemon_id, stat_id, value) VALUES (578, 97, 2, 73);
INSERT INTO pokemon_stat (id, pokemon_id, stat_id, value) VALUES (579, 97, 3, 70);
INSERT INTO pokemon_stat (id, pokemon_id, stat_id, value) VALUES (580, 97, 4, 73);
INSERT INTO pokemon_stat (id, pokemon_id, stat_id, value) VALUES (581, 97, 5, 115);
INSERT INTO pokemon_stat (id, pokemon_id, stat_id, value) VALUES (582, 97, 6, 67);
INSERT INTO pokemon_stat (id, pokemon_id, stat_id, value) VALUES (583, 98, 1, 30);
INSERT INTO pokemon_stat (id, pokemon_id, stat_id, value) VALUES (584, 98, 2, 105);
INSERT INTO pokemon_stat (id, pokemon_id, stat_id, value) VALUES (585, 98, 3, 90);
INSERT INTO pokemon_stat (id, pokemon_id, stat_id, value) VALUES (586, 98, 4, 25);
INSERT INTO pokemon_stat (id, pokemon_id, stat_id, value) VALUES (587, 98, 5, 25);
INSERT INTO pokemon_stat (id, pokemon_id, stat_id, value) VALUES (588, 98, 6, 50);
INSERT INTO pokemon_stat (id, pokemon_id, stat_id, value) VALUES (589, 99, 1, 55);
INSERT INTO pokemon_stat (id, pokemon_id, stat_id, value) VALUES (590, 99, 2, 130);
INSERT INTO pokemon_stat (id, pokemon_id, stat_id, value) VALUES (591, 99, 3, 115);
INSERT INTO pokemon_stat (id, pokemon_id, stat_id, value) VALUES (592, 99, 4, 50);
INSERT INTO pokemon_stat (id, pokemon_id, stat_id, value) VALUES (593, 99, 5, 50);
INSERT INTO pokemon_stat (id, pokemon_id, stat_id, value) VALUES (594, 99, 6, 75);
INSERT INTO pokemon_stat (id, pokemon_id, stat_id, value) VALUES (595, 100, 1, 40);
INSERT INTO pokemon_stat (id, pokemon_id, stat_id, value) VALUES (596, 100, 2, 30);
INSERT INTO pokemon_stat (id, pokemon_id, stat_id, value) VALUES (597, 100, 3, 50);
INSERT INTO pokemon_stat (id, pokemon_id, stat_id, value) VALUES (598, 100, 4, 55);
INSERT INTO pokemon_stat (id, pokemon_id, stat_id, value) VALUES (599, 100, 5, 55);
INSERT INTO pokemon_stat (id, pokemon_id, stat_id, value) VALUES (600, 100, 6, 100);
INSERT INTO pokemon_stat (id, pokemon_id, stat_id, value) VALUES (601, 101, 1, 60);
INSERT INTO pokemon_stat (id, pokemon_id, stat_id, value) VALUES (602, 101, 2, 50);
INSERT INTO pokemon_stat (id, pokemon_id, stat_id, value) VALUES (603, 101, 3, 70);
INSERT INTO pokemon_stat (id, pokemon_id, stat_id, value) VALUES (604, 101, 4, 80);
INSERT INTO pokemon_stat (id, pokemon_id, stat_id, value) VALUES (605, 101, 5, 80);
INSERT INTO pokemon_stat (id, pokemon_id, stat_id, value) VALUES (606, 101, 6, 140);
INSERT INTO pokemon_stat (id, pokemon_id, stat_id, value) VALUES (607, 102, 1, 60);
INSERT INTO pokemon_stat (id, pokemon_id, stat_id, value) VALUES (608, 102, 2, 40);
INSERT INTO pokemon_stat (id, pokemon_id, stat_id, value) VALUES (609, 102, 3, 80);
INSERT INTO pokemon_stat (id, pokemon_id, stat_id, value) VALUES (610, 102, 4, 60);
INSERT INTO pokemon_stat (id, pokemon_id, stat_id, value) VALUES (611, 102, 5, 45);
INSERT INTO pokemon_stat (id, pokemon_id, stat_id, value) VALUES (612, 102, 6, 40);
INSERT INTO pokemon_stat (id, pokemon_id, stat_id, value) VALUES (613, 103, 1, 95);
INSERT INTO pokemon_stat (id, pokemon_id, stat_id, value) VALUES (614, 103, 2, 95);
INSERT INTO pokemon_stat (id, pokemon_id, stat_id, value) VALUES (615, 103, 3, 85);
INSERT INTO pokemon_stat (id, pokemon_id, stat_id, value) VALUES (616, 103, 4, 125);
INSERT INTO pokemon_stat (id, pokemon_id, stat_id, value) VALUES (617, 103, 5, 65);
INSERT INTO pokemon_stat (id, pokemon_id, stat_id, value) VALUES (618, 103, 6, 55);
INSERT INTO pokemon_stat (id, pokemon_id, stat_id, value) VALUES (619, 104, 1, 50);
INSERT INTO pokemon_stat (id, pokemon_id, stat_id, value) VALUES (620, 104, 2, 50);
INSERT INTO pokemon_stat (id, pokemon_id, stat_id, value) VALUES (621, 104, 3, 95);
INSERT INTO pokemon_stat (id, pokemon_id, stat_id, value) VALUES (622, 104, 4, 40);
INSERT INTO pokemon_stat (id, pokemon_id, stat_id, value) VALUES (623, 104, 5, 50);
INSERT INTO pokemon_stat (id, pokemon_id, stat_id, value) VALUES (624, 104, 6, 35);
INSERT INTO pokemon_stat (id, pokemon_id, stat_id, value) VALUES (625, 105, 1, 60);
INSERT INTO pokemon_stat (id, pokemon_id, stat_id, value) VALUES (626, 105, 2, 80);
INSERT INTO pokemon_stat (id, pokemon_id, stat_id, value) VALUES (627, 105, 3, 110);
INSERT INTO pokemon_stat (id, pokemon_id, stat_id, value) VALUES (628, 105, 4, 50);
INSERT INTO pokemon_stat (id, pokemon_id, stat_id, value) VALUES (629, 105, 5, 80);
INSERT INTO pokemon_stat (id, pokemon_id, stat_id, value) VALUES (630, 105, 6, 45);
INSERT INTO pokemon_stat (id, pokemon_id, stat_id, value) VALUES (631, 106, 1, 50);
INSERT INTO pokemon_stat (id, pokemon_id, stat_id, value) VALUES (632, 106, 2, 120);
INSERT INTO pokemon_stat (id, pokemon_id, stat_id, value) VALUES (633, 106, 3, 53);
INSERT INTO pokemon_stat (id, pokemon_id, stat_id, value) VALUES (634, 106, 4, 35);
INSERT INTO pokemon_stat (id, pokemon_id, stat_id, value) VALUES (635, 106, 5, 110);
INSERT INTO pokemon_stat (id, pokemon_id, stat_id, value) VALUES (636, 106, 6, 87);
INSERT INTO pokemon_stat (id, pokemon_id, stat_id, value) VALUES (637, 107, 1, 50);
INSERT INTO pokemon_stat (id, pokemon_id, stat_id, value) VALUES (638, 107, 2, 105);
INSERT INTO pokemon_stat (id, pokemon_id, stat_id, value) VALUES (639, 107, 3, 79);
INSERT INTO pokemon_stat (id, pokemon_id, stat_id, value) VALUES (640, 107, 4, 35);
INSERT INTO pokemon_stat (id, pokemon_id, stat_id, value) VALUES (641, 107, 5, 110);
INSERT INTO pokemon_stat (id, pokemon_id, stat_id, value) VALUES (642, 107, 6, 76);
INSERT INTO pokemon_stat (id, pokemon_id, stat_id, value) VALUES (643, 108, 1, 90);
INSERT INTO pokemon_stat (id, pokemon_id, stat_id, value) VALUES (644, 108, 2, 55);
INSERT INTO pokemon_stat (id, pokemon_id, stat_id, value) VALUES (645, 108, 3, 75);
INSERT INTO pokemon_stat (id, pokemon_id, stat_id, value) VALUES (646, 108, 4, 60);
INSERT INTO pokemon_stat (id, pokemon_id, stat_id, value) VALUES (647, 108, 5, 75);
INSERT INTO pokemon_stat (id, pokemon_id, stat_id, value) VALUES (648, 108, 6, 30);
INSERT INTO pokemon_stat (id, pokemon_id, stat_id, value) VALUES (649, 109, 1, 40);
INSERT INTO pokemon_stat (id, pokemon_id, stat_id, value) VALUES (650, 109, 2, 65);
INSERT INTO pokemon_stat (id, pokemon_id, stat_id, value) VALUES (651, 109, 3, 95);
INSERT INTO pokemon_stat (id, pokemon_id, stat_id, value) VALUES (652, 109, 4, 60);
INSERT INTO pokemon_stat (id, pokemon_id, stat_id, value) VALUES (653, 109, 5, 45);
INSERT INTO pokemon_stat (id, pokemon_id, stat_id, value) VALUES (654, 109, 6, 35);
INSERT INTO pokemon_stat (id, pokemon_id, stat_id, value) VALUES (655, 110, 1, 65);
INSERT INTO pokemon_stat (id, pokemon_id, stat_id, value) VALUES (656, 110, 2, 90);
INSERT INTO pokemon_stat (id, pokemon_id, stat_id, value) VALUES (657, 110, 3, 120);
INSERT INTO pokemon_stat (id, pokemon_id, stat_id, value) VALUES (658, 110, 4, 85);
INSERT INTO pokemon_stat (id, pokemon_id, stat_id, value) VALUES (659, 110, 5, 70);
INSERT INTO pokemon_stat (id, pokemon_id, stat_id, value) VALUES (660, 110, 6, 60);
INSERT INTO pokemon_stat (id, pokemon_id, stat_id, value) VALUES (661, 111, 1, 80);
INSERT INTO pokemon_stat (id, pokemon_id, stat_id, value) VALUES (662, 111, 2, 85);
INSERT INTO pokemon_stat (id, pokemon_id, stat_id, value) VALUES (663, 111, 3, 95);
INSERT INTO pokemon_stat (id, pokemon_id, stat_id, value) VALUES (664, 111, 4, 30);
INSERT INTO pokemon_stat (id, pokemon_id, stat_id, value) VALUES (665, 111, 5, 30);
INSERT INTO pokemon_stat (id, pokemon_id, stat_id, value) VALUES (666, 111, 6, 25);
INSERT INTO pokemon_stat (id, pokemon_id, stat_id, value) VALUES (667, 112, 1, 105);
INSERT INTO pokemon_stat (id, pokemon_id, stat_id, value) VALUES (668, 112, 2, 130);
INSERT INTO pokemon_stat (id, pokemon_id, stat_id, value) VALUES (669, 112, 3, 120);
INSERT INTO pokemon_stat (id, pokemon_id, stat_id, value) VALUES (670, 112, 4, 45);
INSERT INTO pokemon_stat (id, pokemon_id, stat_id, value) VALUES (671, 112, 5, 45);
INSERT INTO pokemon_stat (id, pokemon_id, stat_id, value) VALUES (672, 112, 6, 40);
INSERT INTO pokemon_stat (id, pokemon_id, stat_id, value) VALUES (673, 113, 1, 250);
INSERT INTO pokemon_stat (id, pokemon_id, stat_id, value) VALUES (674, 113, 2, 5);
INSERT INTO pokemon_stat (id, pokemon_id, stat_id, value) VALUES (675, 113, 3, 5);
INSERT INTO pokemon_stat (id, pokemon_id, stat_id, value) VALUES (676, 113, 4, 35);
INSERT INTO pokemon_stat (id, pokemon_id, stat_id, value) VALUES (677, 113, 5, 105);
INSERT INTO pokemon_stat (id, pokemon_id, stat_id, value) VALUES (678, 113, 6, 50);
INSERT INTO pokemon_stat (id, pokemon_id, stat_id, value) VALUES (679, 114, 1, 65);
INSERT INTO pokemon_stat (id, pokemon_id, stat_id, value) VALUES (680, 114, 2, 55);
INSERT INTO pokemon_stat (id, pokemon_id, stat_id, value) VALUES (681, 114, 3, 115);
INSERT INTO pokemon_stat (id, pokemon_id, stat_id, value) VALUES (682, 114, 4, 100);
INSERT INTO pokemon_stat (id, pokemon_id, stat_id, value) VALUES (683, 114, 5, 40);
INSERT INTO pokemon_stat (id, pokemon_id, stat_id, value) VALUES (684, 114, 6, 60);
INSERT INTO pokemon_stat (id, pokemon_id, stat_id, value) VALUES (685, 115, 1, 105);
INSERT INTO pokemon_stat (id, pokemon_id, stat_id, value) VALUES (686, 115, 2, 95);
INSERT INTO pokemon_stat (id, pokemon_id, stat_id, value) VALUES (687, 115, 3, 80);
INSERT INTO pokemon_stat (id, pokemon_id, stat_id, value) VALUES (688, 115, 4, 40);
INSERT INTO pokemon_stat (id, pokemon_id, stat_id, value) VALUES (689, 115, 5, 80);
INSERT INTO pokemon_stat (id, pokemon_id, stat_id, value) VALUES (690, 115, 6, 90);
INSERT INTO pokemon_stat (id, pokemon_id, stat_id, value) VALUES (691, 116, 1, 30);
INSERT INTO pokemon_stat (id, pokemon_id, stat_id, value) VALUES (692, 116, 2, 40);
INSERT INTO pokemon_stat (id, pokemon_id, stat_id, value) VALUES (693, 116, 3, 70);
INSERT INTO pokemon_stat (id, pokemon_id, stat_id, value) VALUES (694, 116, 4, 70);
INSERT INTO pokemon_stat (id, pokemon_id, stat_id, value) VALUES (695, 116, 5, 25);
INSERT INTO pokemon_stat (id, pokemon_id, stat_id, value) VALUES (696, 116, 6, 60);
INSERT INTO pokemon_stat (id, pokemon_id, stat_id, value) VALUES (697, 117, 1, 55);
INSERT INTO pokemon_stat (id, pokemon_id, stat_id, value) VALUES (698, 117, 2, 65);
INSERT INTO pokemon_stat (id, pokemon_id, stat_id, value) VALUES (699, 117, 3, 95);
INSERT INTO pokemon_stat (id, pokemon_id, stat_id, value) VALUES (700, 117, 4, 95);
INSERT INTO pokemon_stat (id, pokemon_id, stat_id, value) VALUES (701, 117, 5, 45);
INSERT INTO pokemon_stat (id, pokemon_id, stat_id, value) VALUES (702, 117, 6, 85);
INSERT INTO pokemon_stat (id, pokemon_id, stat_id, value) VALUES (703, 118, 1, 45);
INSERT INTO pokemon_stat (id, pokemon_id, stat_id, value) VALUES (704, 118, 2, 67);
INSERT INTO pokemon_stat (id, pokemon_id, stat_id, value) VALUES (705, 118, 3, 60);
INSERT INTO pokemon_stat (id, pokemon_id, stat_id, value) VALUES (706, 118, 4, 35);
INSERT INTO pokemon_stat (id, pokemon_id, stat_id, value) VALUES (707, 118, 5, 50);
INSERT INTO pokemon_stat (id, pokemon_id, stat_id, value) VALUES (708, 118, 6, 63);
INSERT INTO pokemon_stat (id, pokemon_id, stat_id, value) VALUES (709, 119, 1, 80);
INSERT INTO pokemon_stat (id, pokemon_id, stat_id, value) VALUES (710, 119, 2, 92);
INSERT INTO pokemon_stat (id, pokemon_id, stat_id, value) VALUES (711, 119, 3, 65);
INSERT INTO pokemon_stat (id, pokemon_id, stat_id, value) VALUES (712, 119, 4, 65);
INSERT INTO pokemon_stat (id, pokemon_id, stat_id, value) VALUES (713, 119, 5, 80);
INSERT INTO pokemon_stat (id, pokemon_id, stat_id, value) VALUES (714, 119, 6, 68);
INSERT INTO pokemon_stat (id, pokemon_id, stat_id, value) VALUES (715, 120, 1, 30);
INSERT INTO pokemon_stat (id, pokemon_id, stat_id, value) VALUES (716, 120, 2, 45);
INSERT INTO pokemon_stat (id, pokemon_id, stat_id, value) VALUES (717, 120, 3, 55);
INSERT INTO pokemon_stat (id, pokemon_id, stat_id, value) VALUES (718, 120, 4, 70);
INSERT INTO pokemon_stat (id, pokemon_id, stat_id, value) VALUES (719, 120, 5, 55);
INSERT INTO pokemon_stat (id, pokemon_id, stat_id, value) VALUES (720, 120, 6, 85);
INSERT INTO pokemon_stat (id, pokemon_id, stat_id, value) VALUES (721, 121, 1, 60);
INSERT INTO pokemon_stat (id, pokemon_id, stat_id, value) VALUES (722, 121, 2, 75);
INSERT INTO pokemon_stat (id, pokemon_id, stat_id, value) VALUES (723, 121, 3, 85);
INSERT INTO pokemon_stat (id, pokemon_id, stat_id, value) VALUES (724, 121, 4, 100);
INSERT INTO pokemon_stat (id, pokemon_id, stat_id, value) VALUES (725, 121, 5, 85);
INSERT INTO pokemon_stat (id, pokemon_id, stat_id, value) VALUES (726, 121, 6, 115);
INSERT INTO pokemon_stat (id, pokemon_id, stat_id, value) VALUES (727, 122, 1, 40);
INSERT INTO pokemon_stat (id, pokemon_id, stat_id, value) VALUES (728, 122, 2, 45);
INSERT INTO pokemon_stat (id, pokemon_id, stat_id, value) VALUES (729, 122, 3, 65);
INSERT INTO pokemon_stat (id, pokemon_id, stat_id, value) VALUES (730, 122, 4, 100);
INSERT INTO pokemon_stat (id, pokemon_id, stat_id, value) VALUES (731, 122, 5, 120);
INSERT INTO pokemon_stat (id, pokemon_id, stat_id, value) VALUES (732, 122, 6, 90);
INSERT INTO pokemon_stat (id, pokemon_id, stat_id, value) VALUES (733, 123, 1, 70);
INSERT INTO pokemon_stat (id, pokemon_id, stat_id, value) VALUES (734, 123, 2, 110);
INSERT INTO pokemon_stat (id, pokemon_id, stat_id, value) VALUES (735, 123, 3, 80);
INSERT INTO pokemon_stat (id, pokemon_id, stat_id, value) VALUES (736, 123, 4, 55);
INSERT INTO pokemon_stat (id, pokemon_id, stat_id, value) VALUES (737, 123, 5, 80);
INSERT INTO pokemon_stat (id, pokemon_id, stat_id, value) VALUES (738, 123, 6, 105);
INSERT INTO pokemon_stat (id, pokemon_id, stat_id, value) VALUES (739, 124, 1, 65);
INSERT INTO pokemon_stat (id, pokemon_id, stat_id, value) VALUES (740, 124, 2, 50);
INSERT INTO pokemon_stat (id, pokemon_id, stat_id, value) VALUES (741, 124, 3, 35);
INSERT INTO pokemon_stat (id, pokemon_id, stat_id, value) VALUES (742, 124, 4, 115);
INSERT INTO pokemon_stat (id, pokemon_id, stat_id, value) VALUES (743, 124, 5, 95);
INSERT INTO pokemon_stat (id, pokemon_id, stat_id, value) VALUES (744, 124, 6, 95);
INSERT INTO pokemon_stat (id, pokemon_id, stat_id, value) VALUES (745, 125, 1, 65);
INSERT INTO pokemon_stat (id, pokemon_id, stat_id, value) VALUES (746, 125, 2, 83);
INSERT INTO pokemon_stat (id, pokemon_id, stat_id, value) VALUES (747, 125, 3, 57);
INSERT INTO pokemon_stat (id, pokemon_id, stat_id, value) VALUES (748, 125, 4, 95);
INSERT INTO pokemon_stat (id, pokemon_id, stat_id, value) VALUES (749, 125, 5, 85);
INSERT INTO pokemon_stat (id, pokemon_id, stat_id, value) VALUES (750, 125, 6, 105);
INSERT INTO pokemon_stat (id, pokemon_id, stat_id, value) VALUES (751, 126, 1, 65);
INSERT INTO pokemon_stat (id, pokemon_id, stat_id, value) VALUES (752, 126, 2, 95);
INSERT INTO pokemon_stat (id, pokemon_id, stat_id, value) VALUES (753, 126, 3, 57);
INSERT INTO pokemon_stat (id, pokemon_id, stat_id, value) VALUES (754, 126, 4, 100);
INSERT INTO pokemon_stat (id, pokemon_id, stat_id, value) VALUES (755, 126, 5, 85);
INSERT INTO pokemon_stat (id, pokemon_id, stat_id, value) VALUES (756, 126, 6, 93);
INSERT INTO pokemon_stat (id, pokemon_id, stat_id, value) VALUES (757, 127, 1, 65);
INSERT INTO pokemon_stat (id, pokemon_id, stat_id, value) VALUES (758, 127, 2, 125);
INSERT INTO pokemon_stat (id, pokemon_id, stat_id, value) VALUES (759, 127, 3, 100);
INSERT INTO pokemon_stat (id, pokemon_id, stat_id, value) VALUES (760, 127, 4, 55);
INSERT INTO pokemon_stat (id, pokemon_id, stat_id, value) VALUES (761, 127, 5, 70);
INSERT INTO pokemon_stat (id, pokemon_id, stat_id, value) VALUES (762, 127, 6, 85);
INSERT INTO pokemon_stat (id, pokemon_id, stat_id, value) VALUES (763, 128, 1, 75);
INSERT INTO pokemon_stat (id, pokemon_id, stat_id, value) VALUES (764, 128, 2, 100);
INSERT INTO pokemon_stat (id, pokemon_id, stat_id, value) VALUES (765, 128, 3, 95);
INSERT INTO pokemon_stat (id, pokemon_id, stat_id, value) VALUES (766, 128, 4, 40);
INSERT INTO pokemon_stat (id, pokemon_id, stat_id, value) VALUES (767, 128, 5, 70);
INSERT INTO pokemon_stat (id, pokemon_id, stat_id, value) VALUES (768, 128, 6, 110);
INSERT INTO pokemon_stat (id, pokemon_id, stat_id, value) VALUES (769, 129, 1, 20);
INSERT INTO pokemon_stat (id, pokemon_id, stat_id, value) VALUES (770, 129, 2, 10);
INSERT INTO pokemon_stat (id, pokemon_id, stat_id, value) VALUES (771, 129, 3, 55);
INSERT INTO pokemon_stat (id, pokemon_id, stat_id, value) VALUES (772, 129, 4, 15);
INSERT INTO pokemon_stat (id, pokemon_id, stat_id, value) VALUES (773, 129, 5, 20);
INSERT INTO pokemon_stat (id, pokemon_id, stat_id, value) VALUES (774, 129, 6, 80);
INSERT INTO pokemon_stat (id, pokemon_id, stat_id, value) VALUES (775, 130, 1, 95);
INSERT INTO pokemon_stat (id, pokemon_id, stat_id, value) VALUES (776, 130, 2, 125);
INSERT INTO pokemon_stat (id, pokemon_id, stat_id, value) VALUES (777, 130, 3, 79);
INSERT INTO pokemon_stat (id, pokemon_id, stat_id, value) VALUES (778, 130, 4, 60);
INSERT INTO pokemon_stat (id, pokemon_id, stat_id, value) VALUES (779, 130, 5, 100);
INSERT INTO pokemon_stat (id, pokemon_id, stat_id, value) VALUES (780, 130, 6, 81);
INSERT INTO pokemon_stat (id, pokemon_id, stat_id, value) VALUES (781, 131, 1, 130);
INSERT INTO pokemon_stat (id, pokemon_id, stat_id, value) VALUES (782, 131, 2, 85);
INSERT INTO pokemon_stat (id, pokemon_id, stat_id, value) VALUES (783, 131, 3, 80);
INSERT INTO pokemon_stat (id, pokemon_id, stat_id, value) VALUES (784, 131, 4, 85);
INSERT INTO pokemon_stat (id, pokemon_id, stat_id, value) VALUES (785, 131, 5, 95);
INSERT INTO pokemon_stat (id, pokemon_id, stat_id, value) VALUES (786, 131, 6, 60);
INSERT INTO pokemon_stat (id, pokemon_id, stat_id, value) VALUES (787, 132, 1, 48);
INSERT INTO pokemon_stat (id, pokemon_id, stat_id, value) VALUES (788, 132, 2, 48);
INSERT INTO pokemon_stat (id, pokemon_id, stat_id, value) VALUES (789, 132, 3, 48);
INSERT INTO pokemon_stat (id, pokemon_id, stat_id, value) VALUES (790, 132, 4, 48);
INSERT INTO pokemon_stat (id, pokemon_id, stat_id, value) VALUES (791, 132, 5, 48);
INSERT INTO pokemon_stat (id, pokemon_id, stat_id, value) VALUES (792, 132, 6, 48);
INSERT INTO pokemon_stat (id, pokemon_id, stat_id, value) VALUES (793, 133, 1, 55);
INSERT INTO pokemon_stat (id, pokemon_id, stat_id, value) VALUES (794, 133, 2, 55);
INSERT INTO pokemon_stat (id, pokemon_id, stat_id, value) VALUES (795, 133, 3, 50);
INSERT INTO pokemon_stat (id, pokemon_id, stat_id, value) VALUES (796, 133, 4, 45);
INSERT INTO pokemon_stat (id, pokemon_id, stat_id, value) VALUES (797, 133, 5, 65);
INSERT INTO pokemon_stat (id, pokemon_id, stat_id, value) VALUES (798, 133, 6, 55);
INSERT INTO pokemon_stat (id, pokemon_id, stat_id, value) VALUES (799, 134, 1, 130);
INSERT INTO pokemon_stat (id, pokemon_id, stat_id, value) VALUES (800, 134, 2, 65);
INSERT INTO pokemon_stat (id, pokemon_id, stat_id, value) VALUES (801, 134, 3, 60);
INSERT INTO pokemon_stat (id, pokemon_id, stat_id, value) VALUES (802, 134, 4, 110);
INSERT INTO pokemon_stat (id, pokemon_id, stat_id, value) VALUES (803, 134, 5, 95);
INSERT INTO pokemon_stat (id, pokemon_id, stat_id, value) VALUES (804, 134, 6, 65);
INSERT INTO pokemon_stat (id, pokemon_id, stat_id, value) VALUES (805, 135, 1, 65);
INSERT INTO pokemon_stat (id, pokemon_id, stat_id, value) VALUES (806, 135, 2, 65);
INSERT INTO pokemon_stat (id, pokemon_id, stat_id, value) VALUES (807, 135, 3, 60);
INSERT INTO pokemon_stat (id, pokemon_id, stat_id, value) VALUES (808, 135, 4, 110);
INSERT INTO pokemon_stat (id, pokemon_id, stat_id, value) VALUES (809, 135, 5, 95);
INSERT INTO pokemon_stat (id, pokemon_id, stat_id, value) VALUES (810, 135, 6, 130);
INSERT INTO pokemon_stat (id, pokemon_id, stat_id, value) VALUES (811, 136, 1, 65);
INSERT INTO pokemon_stat (id, pokemon_id, stat_id, value) VALUES (812, 136, 2, 130);
INSERT INTO pokemon_stat (id, pokemon_id, stat_id, value) VALUES (813, 136, 3, 60);
INSERT INTO pokemon_stat (id, pokemon_id, stat_id, value) VALUES (814, 136, 4, 95);
INSERT INTO pokemon_stat (id, pokemon_id, stat_id, value) VALUES (815, 136, 5, 110);
INSERT INTO pokemon_stat (id, pokemon_id, stat_id, value) VALUES (816, 136, 6, 65);
INSERT INTO pokemon_stat (id, pokemon_id, stat_id, value) VALUES (817, 137, 1, 65);
INSERT INTO pokemon_stat (id, pokemon_id, stat_id, value) VALUES (818, 137, 2, 60);
INSERT INTO pokemon_stat (id, pokemon_id, stat_id, value) VALUES (819, 137, 3, 70);
INSERT INTO pokemon_stat (id, pokemon_id, stat_id, value) VALUES (820, 137, 4, 85);
INSERT INTO pokemon_stat (id, pokemon_id, stat_id, value) VALUES (821, 137, 5, 75);
INSERT INTO pokemon_stat (id, pokemon_id, stat_id, value) VALUES (822, 137, 6, 40);
INSERT INTO pokemon_stat (id, pokemon_id, stat_id, value) VALUES (823, 138, 1, 35);
INSERT INTO pokemon_stat (id, pokemon_id, stat_id, value) VALUES (824, 138, 2, 40);
INSERT INTO pokemon_stat (id, pokemon_id, stat_id, value) VALUES (825, 138, 3, 100);
INSERT INTO pokemon_stat (id, pokemon_id, stat_id, value) VALUES (826, 138, 4, 90);
INSERT INTO pokemon_stat (id, pokemon_id, stat_id, value) VALUES (827, 138, 5, 55);
INSERT INTO pokemon_stat (id, pokemon_id, stat_id, value) VALUES (828, 138, 6, 35);
INSERT INTO pokemon_stat (id, pokemon_id, stat_id, value) VALUES (829, 139, 1, 70);
INSERT INTO pokemon_stat (id, pokemon_id, stat_id, value) VALUES (830, 139, 2, 60);
INSERT INTO pokemon_stat (id, pokemon_id, stat_id, value) VALUES (831, 139, 3, 125);
INSERT INTO pokemon_stat (id, pokemon_id, stat_id, value) VALUES (832, 139, 4, 115);
INSERT INTO pokemon_stat (id, pokemon_id, stat_id, value) VALUES (833, 139, 5, 70);
INSERT INTO pokemon_stat (id, pokemon_id, stat_id, value) VALUES (834, 139, 6, 55);
INSERT INTO pokemon_stat (id, pokemon_id, stat_id, value) VALUES (835, 140, 1, 30);
INSERT INTO pokemon_stat (id, pokemon_id, stat_id, value) VALUES (836, 140, 2, 80);
INSERT INTO pokemon_stat (id, pokemon_id, stat_id, value) VALUES (837, 140, 3, 90);
INSERT INTO pokemon_stat (id, pokemon_id, stat_id, value) VALUES (838, 140, 4, 55);
INSERT INTO pokemon_stat (id, pokemon_id, stat_id, value) VALUES (839, 140, 5, 45);
INSERT INTO pokemon_stat (id, pokemon_id, stat_id, value) VALUES (840, 140, 6, 55);
INSERT INTO pokemon_stat (id, pokemon_id, stat_id, value) VALUES (841, 141, 1, 60);
INSERT INTO pokemon_stat (id, pokemon_id, stat_id, value) VALUES (842, 141, 2, 115);
INSERT INTO pokemon_stat (id, pokemon_id, stat_id, value) VALUES (843, 141, 3, 105);
INSERT INTO pokemon_stat (id, pokemon_id, stat_id, value) VALUES (844, 141, 4, 65);
INSERT INTO pokemon_stat (id, pokemon_id, stat_id, value) VALUES (845, 141, 5, 70);
INSERT INTO pokemon_stat (id, pokemon_id, stat_id, value) VALUES (846, 141, 6, 80);
INSERT INTO pokemon_stat (id, pokemon_id, stat_id, value) VALUES (847, 142, 1, 80);
INSERT INTO pokemon_stat (id, pokemon_id, stat_id, value) VALUES (848, 142, 2, 105);
INSERT INTO pokemon_stat (id, pokemon_id, stat_id, value) VALUES (849, 142, 3, 65);
INSERT INTO pokemon_stat (id, pokemon_id, stat_id, value) VALUES (850, 142, 4, 60);
INSERT INTO pokemon_stat (id, pokemon_id, stat_id, value) VALUES (851, 142, 5, 75);
INSERT INTO pokemon_stat (id, pokemon_id, stat_id, value) VALUES (852, 142, 6, 130);
INSERT INTO pokemon_stat (id, pokemon_id, stat_id, value) VALUES (853, 143, 1, 160);
INSERT INTO pokemon_stat (id, pokemon_id, stat_id, value) VALUES (854, 143, 2, 110);
INSERT INTO pokemon_stat (id, pokemon_id, stat_id, value) VALUES (855, 143, 3, 65);
INSERT INTO pokemon_stat (id, pokemon_id, stat_id, value) VALUES (856, 143, 4, 65);
INSERT INTO pokemon_stat (id, pokemon_id, stat_id, value) VALUES (857, 143, 5, 110);
INSERT INTO pokemon_stat (id, pokemon_id, stat_id, value) VALUES (858, 143, 6, 30);
INSERT INTO pokemon_stat (id, pokemon_id, stat_id, value) VALUES (859, 144, 1, 90);
INSERT INTO pokemon_stat (id, pokemon_id, stat_id, value) VALUES (860, 144, 2, 85);
INSERT INTO pokemon_stat (id, pokemon_id, stat_id, value) VALUES (861, 144, 3, 100);
INSERT INTO pokemon_stat (id, pokemon_id, stat_id, value) VALUES (862, 144, 4, 95);
INSERT INTO pokemon_stat (id, pokemon_id, stat_id, value) VALUES (863, 144, 5, 125);
INSERT INTO pokemon_stat (id, pokemon_id, stat_id, value) VALUES (864, 144, 6, 85);
INSERT INTO pokemon_stat (id, pokemon_id, stat_id, value) VALUES (865, 145, 1, 90);
INSERT INTO pokemon_stat (id, pokemon_id, stat_id, value) VALUES (866, 145, 2, 90);
INSERT INTO pokemon_stat (id, pokemon_id, stat_id, value) VALUES (867, 145, 3, 85);
INSERT INTO pokemon_stat (id, pokemon_id, stat_id, value) VALUES (868, 145, 4, 125);
INSERT INTO pokemon_stat (id, pokemon_id, stat_id, value) VALUES (869, 145, 5, 90);
INSERT INTO pokemon_stat (id, pokemon_id, stat_id, value) VALUES (870, 145, 6, 100);
INSERT INTO pokemon_stat (id, pokemon_id, stat_id, value) VALUES (871, 146, 1, 90);
INSERT INTO pokemon_stat (id, pokemon_id, stat_id, value) VALUES (872, 146, 2, 100);
INSERT INTO pokemon_stat (id, pokemon_id, stat_id, value) VALUES (873, 146, 3, 90);
INSERT INTO pokemon_stat (id, pokemon_id, stat_id, value) VALUES (874, 146, 4, 125);
INSERT INTO pokemon_stat (id, pokemon_id, stat_id, value) VALUES (875, 146, 5, 85);
INSERT INTO pokemon_stat (id, pokemon_id, stat_id, value) VALUES (876, 146, 6, 90);
INSERT INTO pokemon_stat (id, pokemon_id, stat_id, value) VALUES (877, 147, 1, 41);
INSERT INTO pokemon_stat (id, pokemon_id, stat_id, value) VALUES (878, 147, 2, 64);
INSERT INTO pokemon_stat (id, pokemon_id, stat_id, value) VALUES (879, 147, 3, 45);
INSERT INTO pokemon_stat (id, pokemon_id, stat_id, value) VALUES (880, 147, 4, 50);
INSERT INTO pokemon_stat (id, pokemon_id, stat_id, value) VALUES (881, 147, 5, 50);
INSERT INTO pokemon_stat (id, pokemon_id, stat_id, value) VALUES (882, 147, 6, 50);
INSERT INTO pokemon_stat (id, pokemon_id, stat_id, value) VALUES (883, 148, 1, 61);
INSERT INTO pokemon_stat (id, pokemon_id, stat_id, value) VALUES (884, 148, 2, 84);
INSERT INTO pokemon_stat (id, pokemon_id, stat_id, value) VALUES (885, 148, 3, 65);
INSERT INTO pokemon_stat (id, pokemon_id, stat_id, value) VALUES (886, 148, 4, 70);
INSERT INTO pokemon_stat (id, pokemon_id, stat_id, value) VALUES (887, 148, 5, 70);
INSERT INTO pokemon_stat (id, pokemon_id, stat_id, value) VALUES (888, 148, 6, 70);
INSERT INTO pokemon_stat (id, pokemon_id, stat_id, value) VALUES (889, 149, 1, 91);
INSERT INTO pokemon_stat (id, pokemon_id, stat_id, value) VALUES (890, 149, 2, 134);
INSERT INTO pokemon_stat (id, pokemon_id, stat_id, value) VALUES (891, 149, 3, 95);
INSERT INTO pokemon_stat (id, pokemon_id, stat_id, value) VALUES (892, 149, 4, 100);
INSERT INTO pokemon_stat (id, pokemon_id, stat_id, value) VALUES (893, 149, 5, 100);
INSERT INTO pokemon_stat (id, pokemon_id, stat_id, value) VALUES (894, 149, 6, 80);
INSERT INTO pokemon_stat (id, pokemon_id, stat_id, value) VALUES (895, 150, 1, 106);
INSERT INTO pokemon_stat (id, pokemon_id, stat_id, value) VALUES (896, 150, 2, 110);
INSERT INTO pokemon_stat (id, pokemon_id, stat_id, value) VALUES (897, 150, 3, 90);
INSERT INTO pokemon_stat (id, pokemon_id, stat_id, value) VALUES (898, 150, 4, 154);
INSERT INTO pokemon_stat (id, pokemon_id, stat_id, value) VALUES (899, 150, 5, 90);
INSERT INTO pokemon_stat (id, pokemon_id, stat_id, value) VALUES (900, 150, 6, 130);

INSERT INTO type (id, name) VALUES (1, 'normal');
INSERT INTO type (id, name) VALUES (2, 'fighting');
INSERT INTO type (id, name) VALUES (3, 'flying');
INSERT INTO type (id, name) VALUES (4, 'poison');
INSERT INTO type (id, name) VALUES (5, 'ground');
INSERT INTO type (id, name) VALUES (6, 'rock');
INSERT INTO type (id, name) VALUES (7, 'bug');
INSERT INTO type (id, name) VALUES (8, 'ghost');
INSERT INTO type (id, name) VALUES (9, 'steel');
INSERT INTO type (id, name) VALUES (10, 'fire');
INSERT INTO type (id, name) VALUES (11, 'water');
INSERT INTO type (id, name) VALUES (12, 'grass');
INSERT INTO type (id, name) VALUES (13, 'electric');
INSERT INTO type (id, name) VALUES (14, 'psychic');
INSERT INTO type (id, name) VALUES (15, 'ice');
INSERT INTO type (id, name) VALUES (16, 'dragon');
INSERT INTO type (id, name) VALUES (17, 'fairy');

